会社名,会場,ブース番号,説明（日本語）,備考,Best of Innovation,山中行きたい,長坂行きたい,PDFページ,PDF_X,PDF_Y
0x Limited,LVCC West,63200,0xmdは、大規模言語モデル(LLM)および大規模視覚言語モデル(LvLM)を通じて患者ケアと医療診断の向上に取り組むヘルスケアおよび医療生成AI企業です。提供するために...,,,,,11.0,302.69,186.7
360 Direct Access,LVCC West,61244,360 Direct Accessは、聴覚障害者や難聴コミュニティのコミュニケーション障壁を取り除くために、グローバル企業と提携しています。私たちの実証済みの革新的なソリューションは、顧客体験をカスタマイズして変革します...,,,,,11.0,229.63,344.5
4D1,LVCC West,62066,4D1は、ロボット、工具、デバイス、人間に対して、ミリ波レベルの3D屋内位置測定と完全な6被写度の向き設定を提供します。当社のプラグアンドプレイRTLSは、SLAMやカメラ、電源なしでドリフトレスの精度を提供します。,,,,,11.0,181.0,295.88
4INLAB Inc.,LVCC West,63416,,,,,,11.0,273.58,166.82
ABEYE,LVCC West,60601,ABEYEは神経視覚系に焦点を当てた神経科学の深層技術です。受賞歴のある科学に裏付けられ、私たちの製品は読書に課題のある人々の読書の快適さを瞬時に向上させます(CES賞...,,,,,11.0,305.05,371.03
ACCESS BRAIN,LVCC West,60711,営業担当者やマネージャーの面接を支援するAIソリューション。ユーザーは顧客や従業員に近い感覚を生み出すために、何を言い、どんな姿勢を取るべきかを知っています。同種。。。,,,,,11.0,369.65,344.52
AGIGA,LVCC West,61466,AGIGAは、AIネイティブ企業で、次世代のウェアラブル技術を開発し、人間の自立を後押ししています。私たちの最初の製品であるEchoVisionスマートグラスは、リアルタイムの環境理解を提供します...,,,,,11.0,181.0,331.24
"AI model, Inc.",LVCC West,60509,AIモデル株式会社は、独自の生成AI技術を通じてビジュアルマーケティングを革新する日本の先駆的なスタートアップです。私たちはバーチャルヒューマンモデルやAI人材を作成し、ブランディングやp...,,,,,11.0,364.95,384.29
"AIBIZ Co., Ltd.",Venetian Expo,62817,AIBIZは先進製造向けの産業用AIソリューションを専門としています。当社の旗艦プラットフォームであるDutchBoyは、ディープラーニングとセンサーデータを活用し、リアルタイムの異常検出や根本原因分析などを行います。,製造向け産業AI。動向を見ておくくらい,,,★★,11.0,272.28,206.6
AICU Inc.,LVCC West,62501,AICUはVision AIを用いた非侵襲的医療の先駆者です。当社のコアソリューションであるFecal ScannerとGait Scannerは、生体画像を解析し、IBDや認知症の兆候を早期に検出します。日常のカメラを変革することで...,,,,,11.0,347.95,238.42
AJProTech LLC,LVCC West,60317,AJProTechは、新しいコンシューマーエレクトロニクス、モノのインターネット、ウェアラブル、スポーツテック、AR/VRデバイスの開発を手がける受賞歴のあるIoT製品開発スタジオです。提供内容:ハードウェア製品開発...,,,,,11.0,381.54,407.27
ALLERGEN ALERT,LVCC West,60711,アレルゲンアラートのビジョンは、食物アレルギーやセリアック病を持つ人々の生活を改善し、アレルゲンやグルテンへの曝露リスクを減らし、彼らが自分の食品を検査できるようにすることです。システムは...,,,,,11.0,369.65,344.52
ANT Systems Nano Tech,LVCC West,63432,私たちはイノベーション、農業、環境保護の交差点に築かれたテクノロジー企業です。私たちの旗艦ソリューションであるNanotern™、Insease、Antimic Agroは...,,,,,11.0,240.13,184.48
ARCALINK,LVCC West,62919,ArcaLink Oneは、革新的な電子機器とソフトウェアを駆使し、より没入感があり手軽なボードゲーム体験を目指しています。私たちは情熱から集まり、テクノロジーが加速できると信じて...,,,,,11.0,385.42,219.83
ARDGE,LVCC West,62201,ARGGEは、スマートなAIをよりアクセスしやすくすることを使命としています。当社のハードウェア製品は、NVIDIA GPUとSOCを搭載し、最適化されたOS、高度な推論モデル、AIエージェントアプリがプリインストールされています...,,,,,11.0,313.4,238.43
ASC (Applied Sensor Co.),LVCC West,60452,Applied Sensor Co.は、あなたの物理的な空間を目立たない正確なデータソースに変えるスマートテキスタイル企業です。周囲の織物から目立たずに監視し、洞察を集めるのを手伝う...,,,,,11.0,211.94,397.55
"ASENTECH Co., Ltd.",LVCC West,63416,,,,,,11.0,273.58,166.82
"ASTROX CO.,LTD",LVCC West,62501,AstroXは無人および有人航空機の高性能メーカーです。私たちは高負荷で長距離のミッションドローンやパーソナルエアビークル(PAV)の開発をリードし、将来のモビリティを提供します。,,,,,11.0,347.95,238.42
ASYGN,LVCC West,60711,ASYGNは電子機器が観察したものを分析し理解できるチップを作っています。私たちは人間が視覚を通じてデバイスとコミュニケーションを取ると信じています。私たちの最新の革新、大腸菌...,,,,,11.0,369.65,344.52
ATDev,LVCC West,61261,ATDevは、独立性を再定義するロボットモビリティシステムを開発しています。当社のポートフォリオは、FDA承認のスマートリハビリデバイスであるReflexと次世代ロボット車椅子プラットフォームにまたがっています。私たちはフィジカを組み合わせて...,,,,,11.0,194.26,335.66
ATLO Corp.,LVCC West,63701,ATLO社は、マルチモーダル知能とデジタルおよび物理的な存在を融合させたAIコンパニオンを開発しています。私たちの使命は、ボイックを通じてユーザーを理解する感情知能システムを構築することです...,,,,,11.0,345.06,166.78
Abitat,LVCC West,62242,,,,,,11.0,234.05,282.61
AcademicSight,Venetian Expo,63432,Pro Sichtは、製造向けのAI搭載の目視検査およびトレーサビリティソリューションを構築しています。当社のエッジクラウドプラットフォームは、微細な表面欠陥を検出し、組み立てや溶接の品質を検証し、リアルタイムで...,,,★,,11.0,240.13,184.48
Adaptronics s.r.l,LVCC West,62000,,,,,,11.0,310.14,282.62
Aequil Science,LVCC West,60711,AEQUIL®サイエンスは、低周波・低エネルギーフィールドを用いて生物物理学と生化学的科学をつなぎ、より安全な解決策を実現する生物物理学の先駆者です。,,,,,11.0,369.65,344.52
Aerleum,LVCC West,60903,エアレウムは、大気から直接回収したCO2から持続可能な燃料や化学物質を生産する技術を開発しています。私たちの目標は、化石燃料に代わるコスト競争力のある代替手段を提供し、脱炭素化を可能にすることです...,,,,,11.0,348.98,362.18
Africa Pavilion,LVCC West,63318,アフリカパビリオンの第2回開催 — CESの中心にあるアフリカのイノベーションを展示する画期的な展示。大陸で最も大胆なスタートアップ、ビジョナリークリエイター、そしてブレイクスルーが集まるダイナミックな空間...,,,,,11.0,384.44,206.57
Agnose BV (Clementine),LVCC West,62100,15億人が難聴を抱えていますが、80%はスティグマや認知度の低さから支援を求めていません。難聴は認知症の予防可能な主な原因であるため、Clementine AIの自己診断と教育は...,,,,,11.0,346.94,271.58
AidALL Inc.,LVCC West,62643,AidALLは、オンデバイスコンピューティングとニューロモルフィック人工知能に基づく知能ロボットの開発を行う企業です。現在、この技術を知的自律型に実装しています...,,,,,11.0,221.83,238.41
Ailicorn Inc,LVCC West,62201,アイリコーンのビジョンは、屋内での事故を防ぐことです。ハードウェアとソフトウェアを統合する企業として、世界的なプライバシー意識の波の中で新世代のAI搭載エッジセンサーを提供しています...,,,,,11.0,313.4,238.43
Aiminify,LVCC West,62100,コンピュータビジョンモデルを1行のコードで圧縮しましょう。Aiminifyはモデルを最大10倍速く、4倍小さく自動で調整します。すべては自社のインフラ上で安全に動作しているので、データは...,,,,,11.0,346.94,271.58
Airoma AI Limited,LVCC West,63200,世界初のAI駆動真嗅覚認識センサー - MEMS技術とAI学習を組み合わせ、嗅覚認識を日常的な応用に持ち込む真の嗅覚認識の先駆者。,,,,,11.0,302.69,186.7
Airudit,LVCC West,60902,AIRUDITは、どんなオペレーターでも複雑な機械やシステムと自然言語で容易に会話できるようにするAIエージェント会話ソリューションを開発し、認知負荷を軽減し、インドゥ...,,,,,11.0,348.98,371.02
Airvida Inc,LVCC West,62201,Airvidaはウェアラブルデバイス企業で、吸入可能なPM2.5(大気汚染物質)、ウイルス、花粉、アレルゲンを減らし、いつでも周囲の空気を浄化するウェアラブル空気清浄機を専門としています。,,,,,11.0,313.4,238.43
Aispeakin,LVCC West,62201,AI自動探偵は事前設定なしで翻訳の対象言語を特定し、30以上の言語を提供します。私たちはAIspeakinコアサービスを用いてスマートテレビと統合し、AIspeakin ser...を組み込みました。,,,,,11.0,313.4,238.43
All Good Energy Co. Ltd.,LVCC West,62201,オールグッドエナジーは、セキュリティとサプライチェーンの強靭性に対するコミットメントを堅持し続けています。MOLICEL®との協力を通じて、私たちは100%台湾産で中国以外のソリューションを誇りを持って提供しています...,,,,,11.0,313.4,238.43
Altrina Corporation,LVCC West,61046,Altrinaはバックオフィスの主要な自動化ソリューションであり、調達、法務、カスタマーサポート、営業チームが自動操縦で運営できるようにします。以前はテッサAIでした。,,,,,11.0,225.21,357.76
"Amatelus Co., Ltd.",LVCC West,62801,AMATELUSが開発したSwipeVideoは、世界のビデオ体験のあり方を革命的に変えています。世界初の特許取得済みクラウドベースのストリーミング技術は、ユーザーがシームレスかつ自由に切り替えることを可能にします...,,,,,11.0,302.4,213.22
AmberRoad,LVCC West,61453,生産性(原材料、エネルギー、コスト)を向上させるエンドツーエンドの工場AIプラットフォーム 私たちは:実績ある900%の平均に基づき、クライアントROIを100%+保証、3ヶ月以内にフルシステムを納品する、...,,,,,11.0,205.12,304.73
Analytics-model,LVCC West,60853,アナリティクスモデルは、対話型AI、自律型ダッシュボード生成、MCPコネクター、マルチエージェントインテリジェンスによって支えられた分析の未来です。必要なものを説明すれば、システムが...,,,,,11.0,211.94,362.18
"Anchor Film Co., Ltd.",LVCC West,62201,アンカーフィルムは動画制作効率の向上、適用分野の拡大、新製品の開発に注力しており、動画のイノベーションを中心にしています。,,,,,11.0,313.4,238.43
Archi's Academy,LVCC West,63432,Archi's Academyは、従来のコーディングテストではなく、実際のGitHub統合プロジェクトを通じて開発者を評価するAI搭載の体験型評価プラットフォームです。私たちは結婚した...,,,,,11.0,240.13,184.48
Argeron Medikal,LVCC West,63432,アルジェロン・メディカルは、加齢と生物学的年齢評価を専門とする革新的な企業であり、最先端の健康技術を開発しています。私たちは体外診断キットやバイオマーカーベースのTESに注力しています...,,,,,11.0,240.13,184.48
AstroBrew,LVCC West,60111,AstroBrewは究極のコールドブリューコーヒーメーカーです。スタイリッシュなカウンタートップ家電は世界最速です。ニューヨーク・コーヒーフェスティバルで最も期待されているコールドブリューマシンに選ばれた2024年のbe...,,,,,11.0,368.6,415.23
"AunionAi Co., Ltd.",Venetian Expo,61510,AunionAIはAI駆動のローカリゼーションを専門とし、高度な音声・音声処理と深層学習を用いて自動字幕作成や吹き替えを行っています。私たちは言語の壁を打ち破り、グローバルなコンテンツを向上させます...,AI駆動の多言語対応（自動字幕・吹き替え）。グローバルコミュニケーション支援,,,★★,11.0,366.66,331.24
Auria Robotics Inc,LVCC West,61035,私たちは自閉症の子どもたちを支援するために、ネイティブのAIプラットフォームとモジュール式のコンパニオンロボットを提供しています。私たちのソリューションは、家庭、学校、クリニックなど、手頃な価格でパーソナライズされ、魅力的な学習を提供します。,,,,,11.0,251.73,348.92
Auvergne Rhone-Alpes,LVCC West,60711,オーヴェルニュ・レーネ・アルプ地域(ブース60711)は、Minalogicのコーチングによる38の革新的なスタートアップを支援し、人工知能、IoT、スマートシティ、環境などのイノベーションを発表します。,,,,,11.0,369.65,344.52
Avatar Medical SAS,LVCC West,60401,Avatar MedicalはCTやMRIスキャンを即時でリアルな3Dアバターに変換し、より深い臨床理解を実現します。同社のVisionプラットフォームは、医師が明確にコミュニケーションを取り、ワークフローを効率化し、...,,,,,11.0,305.05,384.29
"B2LAB Co., Ltd.",LVCC West,61453,B2LABは、先進的なレーザーおよび電磁技術を活用した包括的な医療機器ソリューションを提供しています。これらのソリューションは、在宅医療から専門的な医療まで幅広い用途をカバーしています。,,,,,11.0,205.12,304.73
BTRY AG,LVCC West,61220,BTRYはETHチューリッヒとEmpaのスピンオフ企業で、1分間で充電・放電が可能な超薄(0.2mm)半導体電池を開発し、追加のコンデンサなしで無線送信を直接実現します。BTR...,,,,,11.0,270.31,331.24
Barkingdog.ai,LVCC West,62201,Barkingdog.ai XR+AIのインタラクティブソリューションを開発しています。旗艦の「AI Amaze Ambassador」はChatGPTとベクターベースのLLM検索を統合し、観光、小売、マーケティング、トレーニングなどに向けたスマートサービスを提供しています。,,,,,11.0,313.4,238.43
Beadroots SRL,LVCC West,61001,,,,,,11.0,308.95,317.11
Beespenser,LVCC West,63432,Beespenserは、柔軟な表面や剛性のある表面上での機能回路の迅速な試作を可能にする高度なマイクロディスペンションシステムを開発しています。我々の旗艦製品、モノビーは精密印刷を組み合わせている、博士...,,,,,11.0,240.13,184.48
Bellaria Technology GmbH,LVCC West,60450,衛生、快適さ、持続可能性のためのイノベーション ベラリアは、日常の衛生と健康の課題を再定義する革新的なソリューションを掲げています。特許取得済みのAirCubeとAirSeatを活用し、世界的に...,,,,,11.0,216.36,397.55
Beroony,LVCC West,60453,BeroonyはAIを活用して人間の能力を向上させるウェアラブル技術の開発を専門としています。完全統合された脳-機械インターフェース(BMI)は、現在の技術により依然として野心的な目標であり続けています...,,,,,11.0,211.94,388.71
Blueberry Technology Inc.,LVCC West,61053,2020年に設立されたBlueberry Technologyは、すべての人のためのモビリティを再定義することを使命としています。私たちの最初の製品である自律型パーソナルモビリティビークルは、即興で空港交通を革新しています...,,,,,11.0,207.76,344.5
Blumind,LVCC West,60844,Blumindは革新的なアナログAIチップでAIを使いやすく、持続可能なものにしています。AIoT、ロボティクス、スマートモビリティ、スマートホーム/シティ、ヘルス、ウェアラブル分野のエッジAIアプリケーションはBlu...,,,,,11.0,229.63,371.02
BookAI,LVCC West,62201,BookAIは明確な使命を持つ先進的なAIプラットフォームです。それは、世界中のクリエイターを力づけ、知識のための国境のないバベルの塔を再建することです。私たちは単なる道具以上の存在です。私たちは戦略的なエコシステムのデディックです...,,,,,11.0,313.4,238.43
Bortech Case,LVCC West,60439,BorTechケースは、放射線遮断要素であるホウ素をケースプラスチックに直接統合した初のソリューションです。特許出願中の技術を活用し、BorTechは革新的なp...,,,,,11.0,242.89,388.71
Boundless Sports Technology Limited,LVCC West,62919,Boundless Sportsはスマートスポーツ機器の世界的リーダーになることを使命としています。絶え間ないイノベーションを通じて、私たちはテニスをより知的で、すべての人にとってアクセスしやすくしています。私たちはエスティムを力づけます...,,,,,11.0,385.42,219.83
Brain-Life Link Technology JSC,LVCC West,61248,脳を理解し、人生を支配する Brain-Lifeは、洗練された脳波ウェアラブル(ヘッドバンド、ヘルメット、ヘッドホン)と、AI搭載プラットフォームを組み合わせてリアルタイムの脳モニタリングとパーソナライズされたメンタルケアを実現しています。,,,,,11.0,220.78,344.5
Braineulink,LVCC West,60662,BraineuLink Technology Incは、高度なAIと革新的なBCIチップを用いた非侵襲的な脳-コンピュータインターフェースを開発しています。私たちのソリューションは、mobiのようなデジタルデバイスとのシームレスな脳との相互作用を可能にします...,,,,,11.0,189.84,384.29
Brilliance,LVCC West,62100,Brilliance RGBのレーザーチップは、日常の拡張現実(AR)を生き生きと表現します。超コンパクトでウェハースケールの統合により、ARディスプレイに革命をもたらしました。10倍小さいサイズ、20倍の低消費電力の性能を提供します...,,,,,11.0,346.94,271.58
Brolan Tech Ltd.,LVCC West,62919,ブローラン・インテリジェンスは、持続可能でトレンド先導的な製品に注力する革新的なテック企業です。私たちのチームは世界的に有名な大学のトップタレントで構成されています。私たちは誇りを持ってブローラン1.0を発表します...,,,,,11.0,385.42,219.83
Business France - La French Tech,LVCC West,"60200, 60401, 60412 + 3 more",ビジネス・フランスは、フランス企業の国際発展、フランスへの国際投資、そしてフランス経済の振興を担当しています。,,,,,11.0,315.1,397.55
BuyHive Ltd,LVCC West,63200,SourcingGPT.ai はグローバル調達を革新する垂直型AI調達エージェントです。サプライヤーの発見、RFQ管理、ランディングコスト計算を自動化し、小売業者はSKUあたり250+時間の節約を実現します。D...,,,,,11.0,302.69,186.7
"CADDi Co., Ltd.",LVCC West,62801,CADDi Drawerは、製造業向けに設計されたAI駆動のデータ管理プラットフォームです。これにより、メーカーが図面を管理・活用する方法を効率化し、より効率的でコストを抑えることに寄与します...,,,,,11.0,302.4,213.22
"CARBONVATE CO.,LTD",LVCC West,62201,私たちは、持続可能性は妥協ではなく進化であるべきだと信じています。炭素回収技術とバイオベースの化合物を組み合わせることで、排出する炭素よりも多くの炭素を吸収する材料を作り出します...,,,,,11.0,313.4,238.43
COLORFOL,LVCC West,60601,,,,,,11.0,305.05,371.03
"CP6 Co., Ltd.",LVCC West,62501,ACATは、事故による紛争解決にかかる時間と費用を最小限に抑えつ、データ解釈を直感的かつ誰でもアクセスしやすくします。迅速かつ正確な分析を提供し、より良い...,,,,,11.0,347.95,238.42
CancerFree Biotech Ltd.,LVCC West,62201,CancerFree Biotechは、R&Dラボの文書作成を自動化するスマートグラスプラットフォーム「Prometheus Lab AI」を開発しました。ハンズフリーでリアルタイムのワークフローキャプチャにより、Prometheusは視覚入力をst...,,,,,11.0,313.4,238.43
Case Western Reserve University,LVCC West,61633,ケース・ウェスタン・リザーブ大学は、Gmailの発明者ポール・ブクハイト、取締役のジョー&アンソニー・ルッソ、KiwiCoのCEOサンドラ・オー・リン、クリーブランド・クリニック共同創設者のG...など、イノベーターや起業家のコミュニティです。,,,,,11.0,251.96,304.71
"Cephia AI, Inc.",LVCC West,61048,Cephiaは、メタレンスの革新と知的アルゴリズムを統合したAI駆動の共同設計アプローチでマルチモーダルセンシングを変革し、固定されたハードウェアの制約から柔軟な、s...,,,,,11.0,220.78,357.76
CheckIn-Alarm.com,LVCC West,60711,Artifeel Checkin-Alarm.com、AIとIoTの専門家は、あらゆる環境に適応可能なセキュリティ製品を開発しています。当社のチェックインラインはオールインワンの警報と監視システムで、独特の「bu...」を特徴としています。,,,,,11.0,369.65,344.52
Childfree Trust®,LVCC West,60660,子どもなし/子どもなしの米国人口25%(677億タム)にサービスを提供するチャイルドフリー・トラストは、重要な問い「年を取った後、誰が私のケアの願いを実行するのか?」を解決します。私たちは全国初の提供者です...,,,,,11.0,194.26,384.29
Chimera Tech,LVCC West,61601,スマートセーラー:あなたの船、もっと賢い。私たちの非侵襲的なAIは、予測保守、セキュリティ、リモートモニタリングを組み合わせたデジタルクルーとして機能します。私たちはどんな船でも効率を最適化しています—帆船でも動力でも、何か...,,,,,11.0,305.0,304.72
ClearSurgery,LVCC West,60711,ClearSurgeryは、ビデオストリームと患者データを集中管理し、無菌環境でのパフォーマンスと安全性を向上させるMixed Reality Sphereという没入型環境を提供します。,,,,,11.0,369.65,344.52
"Cloud Canvas, LLC",LVCC West,60259,MyCloudCanvasはスマートなデジタルフォトフレームで思い出を生き生きと蘇らせます。クラウドプラットフォームを使えば、どこからでも写真を即座にアップロード、整理、共有できます—美しいディスプレイ、手軽な操作、...,,,,,11.0,198.68,401.97
"CoatingSolution4U Co., Ltd",LVCC West,63300,CoatingSolution4Uは、コーティングプロセスの第一人者2人によって共同設立され、革新的な流体診断技術とナノ薄膜コーティング技術を通じて持続可能な地球の創造に専念しています...,,,,,11.0,348.82,180.06
Coffeebara,LVCC West,63300,Coffeebaraは、非構造化物体を扱うAIロボティクスを専門としています。飲む - 落とす - 完了。NOCOは当社の完全自動カップセパレーターで、Edge AIとアダプティブグリッパーを活用して識別、分離、クラッ...,,,,,11.0,348.82,180.06
Coroflo,LVCC West,61454,コロフロは「コロ」という、世界初の正確な授乳モニターを開発しました。Coroは特許取得済みの内蔵流量測定を持つシリコンシールドです。赤ちゃんが授乳するとき、量が測られて...,,,,,11.0,207.52,331.24
Cosito,Venetian Expo,60446,ベンチャー支援を受け、MITが設立したスタートアップが、AI搭載のマイクを開発し、現場のチームが音声でデータを記録できるようにしています。物理的なフォームやタイピングは不要です。言ってくれれば、記録する!,,,★★,,11.0,225.21,397.55
CubicSpace Technologies Inc.,LVCC West,60840,CubicSpaceは、すべての人に最も自然で快適かつ直感的な3Dユーザー体験を提供するソフトウェアプラグインを開発しています。そのプラグインは、従来のメディアプレーヤーを完璧かつ自動的にアダプトできるようにします...,,,,,11.0,238.47,371.02
Cyber Antennas,Venetian Expo,60654,Cyber Antennasのプラグアンドプレイ方式のWi-Fi 7メッシュプラットフォームは、スマートシティ、キャンパス、公園、フェスティバル会場、フェアグラウンド、キャンプなど、広範囲にわたる信頼性の高い高速Wi-Fiカバレッジを迅速に提供します。,,,★,,11.0,207.52,384.29
DETECT RESEAUX,LVCC West,60711,Detect Réseauxは地下配管の迅速かつ正確な位置特定のための新世代のツールを開発しています。この革新的な試作機は作戦の安全性を高め、赤い...,,,,,11.0,369.65,344.52
DIGIPAIR,LVCC West,60415,DIGIPAIRは、企業のツールと自然言語でやり取りすることで従業員を支援する、初のChatGPTに似たエージェントアシスタントです。学習し、改善し、キーのユーザー検証を求めます...,,,,,11.0,269.73,384.29
"DRT Co.,Ltd.",LVCC West,62901,私たちは危険な肉体労働を自律型ドローンに置き換え、外観維持に革命を起こしています。私たちのスマート空中システムは、超高層ビルや高層ビルのインフラをより速く、安全かつ効率的に浄化します...,,,,,11.0,345.64,219.83
Daejeon Metropolitan City,LVCC West,62845,韓国大田:韓国の科学の都であり、経済の有力地,,,,,11.0,213.61,215.42
DeNoize B.V.,LVCC West,62100,DeNoizeは普通の窓をスマート防音壁に変えます。私たちのレトロフィット技術はアクティブノイズキャンセリングを用いて交通や都市の騒音を遮断し、都市の家庭に静けさと平和を取り戻しますが、...,,,,,11.0,346.94,271.58
DeepFusion AI,Venetian Expo,63416,DeepFusion AIは、リアルタイム360°知覚を実現する4Dイメージングレーダーを用いた知覚センサー融合AIを開発しています。私たちの技術は自律走行や防衛システムを支えています。私たちはグローバルなOEMやTieと連携しています...,,★,,,11.0,273.58,166.82
DeepMentor Inc,LVCC West,62201,DeepMentorは、大規模かつプロフェッショナルなCNNモデルからLLMモデル(7B~180B)まで、ソフトウェアとハードウェアの小型化AIソリューションを提供することを専門とする企業です。分野は...,,,,,11.0,313.4,238.43
Dentomi Limited,LVCC West,63200,デントミ・リミテッドは、AI搭載ソリューションで口腔医療を変革する口腔ヘルステックの先駆者です。2023年に設立され、消費者とサービス提供者にアクセス可能で拡張可能、かつ既存のサービスを提供しています。,,,,,11.0,302.69,186.7
Dephy,LVCC West,61238,Dephyは、初のパワード足首ウェアラブルを先駆けたバイオニックフットウェアおよびアパレル企業です。我々の旗艦製品、デフィ・サイドキックは、10年にわたるバイオニクスの専門知識と人間優先の設計を組み合わせた...,,,,,11.0,242.89,344.5
Devamapp Mobility,LVCC West,63432,Devamappは、電気自動車ユーザー、充電ステーション、マイクロモビリティサービスを一つのアプリにまとめたスマートモビリティプラットフォームです。ユーザーは充電やパーキなど、料金を探し、計画し、支払いを行えます。,,,,,11.0,240.13,184.48
"DewCell, Inc.",LVCC West,62949,DewCellは幹細胞内で人工血小板を産生することができます。韓国で唯一自社技術を持つ企業です。9日間で大量の人工血小板率を生み出す技術があります......,,,,,11.0,429.5,219.83
Dfinite Inc.,LVCC West,63416,DARVIS 2.0は、AI搭載のデータ運用プラットフォームで、自然言語をSQLクエリに変換し、自動的にビジュアルレポートを作成することで、誰でもデータを即座に分析し、バスを改善できるようにします...,,,,,11.0,273.58,166.82
Diamond Quanta,LVCC West,60241,ダイヤモンドクアンタは、消費者向け電子機器、光学機器、ディスプレイ向けのエンジニアリングダイヤモンド材料を開発しています。CESでは、ダイヤモンドを一体取り込んだ反射防止コーティングのアダマンチン・オプティクスを初披露します。その効果は...,,,,,11.0,238.47,401.97
DogWoodAI INC.,LVCC West,63300,DogWoodAIは、化学工学の分野知識と基本原理をAI技術と組み合わせることで、自律型化学製造工場向けのモジュール型AIソリューションを提供します。,,,,,11.0,348.82,180.06
DotDot,LVCC West,60711,余ったGBを分け合ってCa$hを取り戻しましょう!#dotdot は、匿名のP2P取引を通じてモバイルインターネット・オンデマンドを発明する通信会社です。 #dot はポケットサイズのWiFiリピーターだ...,,,,,11.0,369.65,344.52
Dtablet,LVCC West,61448,薬は命を救いますが、毎日の使用は難しいことがあります。何百万人もの人が自宅や職場、外出先で薬を服用していますが、今日のツールは時代遅れで硬直しています。人々は用量を忘れたり、二重投与を恐れたり、記録が不足したりします...,,,,,11.0,220.78,331.24
DummDumm Inc.,Venetian Expo,62833,DummDumm Inc.は、5G通信、スマートウインチ、リアルタイム水質センサーを統合したドローンベースの環境ソリューションを開発しています。「より安全で、より賢い未来」というビジョンのもと、私たちは前進し続けています...,,★,,,11.0,241.29,206.6
Dyslexic Screen,LVCC West,60601,Lili for Lifeのインテリジェント照明は、ディスレクシアの子どもから大人まで読書において比類なき快適さを提供します。光から発せられる明るさは個別に調整できるんだ、いや...,,,,,11.0,305.05,371.03
E-magy B.V.,LVCC West,62100,E-magyはナノ多孔質シリコンアノード材料でリチウムイオン電池に革命をもたらしました。グラファイトに置き換えると、エネルギー密度が40%向上し、充電速度が3倍速くなり、アノード膨張は無視できるほどで、...,,,,,11.0,346.94,271.58
ECORENEW Inc.,LVCC West,62665,ECORENEWは、革新的なナノフィルター技術に関する20年以上の学術研究を基盤に設立されたスタートアップです。当社の独自ナノフィルターは、石油と水を工業廃水から99.999%の効率で分離します...,,,,,11.0,181.95,238.41
EEGDeep,LVCC West,62201,台湾半導体研究所(TSRI)は、台湾の国立応用研究院傘下の研究機関であり、学術界に先進的な半導体研究環境を提供しています。,,,,,11.0,313.4,238.43
ENERZAi Inc.,LVCC West,62817,ENERZAiはAI推論最適化技術に精通したAIソフトウェアソリューション企業です。次世代のAI推論エンジンOptimiumは、ターゲットハードウェア上でAIモデル推論を加速します...,,,,,11.0,272.28,206.6
EVA MILL. INC.,LVCC West,62201,EVA MILLの主な技術は無線音声・映像伝送システムです。専門的な技術と経験を活かし、お客様のビジネス効率向上を支援し、さらなる普及を図ります。,,,,,11.0,313.4,238.43
EYE-TECH s.r.l.,LVCC West,61001,Eye2Driveはイタリア・トスカーナ州カッラーラに拠点を置くファブレス半導体企業です。人間の目に触発されたシリコンベースのデジタルイメージングソリューションを開発しています。この会社はモニカ・ヴァッテロによって設立されました...,,,,,11.0,308.95,317.11
EZ Lab Srl,LVCC West,62000,AI、ブロックチェーン、感情ロボティクスを活用したデジタルプロダクトパスポートは、信頼できるライフサイクルデータを備えたすべての製品を戦略的資産に変えます。企業がプロセスを最適化し、削減するのを助ける...,,,,,11.0,310.14,282.62
Earflo Inc.,Venetian Expo,61245,Earfloは、慢性的な耳の感染症を引き起こす中耳圧の負の痛みを治療する子供向けの市販医療機器を開発し、耳管手術の自宅での代替手段を提供しています。デザインは...,,★,,,11.0,229.63,335.66
"Edura Co., Ltd.",LVCC West,62201,エデュラは、台湾のサイエンスパークにある革新的なスタートアップで、スマートIoTデバイス、ワイヤレス接続、人工知能を専門としています。高度な研究開発設備を備え、私たちは端から端まで...,,,,,11.0,313.4,238.43
Electrowater co. ltd.,LVCC West,62833,Electro Waterは、先進的な電気化学的水処理を専門とするディープテックスタートアップです。化学物質を使わない電気吸収技術は、廃水を浄化するだけでなく、回収を可能にします...,,,,,11.0,241.29,206.6
Emage Tomo Pte. Ltd.,LVCC West,60213,Emage Tomo Pte Ltdは人工自動化知能(AAI)を専門とし、Tomo(明日のオペレーター)やADAM(全方向自律移動)といった最先端イノベーションを提供しています。トモ・エクセル...,,,,,11.0,269.72,401.97
EntWick Inc.,LVCC West,61452,エントウィック社は、非侵襲的な電気治療を専門とする会社であり、さまざまな非侵襲的治療技術を基に医療機器の開発と製造を目的に設立されました...,,,,,11.0,211.94,331.24
Entoptica Limited,LVCC West,63200,Entoptica Ltdは香港の先駆的なメッドテックスタートアップで、世界初の量子技術を視覚科学に応用した「構造光観察知覚・評価」を導入しました。,,,,,11.0,302.69,186.7
European Innovation Council,LVCC West,60821,欧州イノベーション評議会(EIC)は、画期的な技術革新を特定、開発、拡大するための欧州の旗艦イノベーションプログラムです。東インド委員会はイノベーションを支援するために101億の予算を持っています...,,,,,11.0,271.01,348.04
ExciteWave Innovations,LVCC West,60854,ExciteWaveは、ほぼあらゆるケースに優れた音質を提供し、クリエイター、請負業者、外出先のプロフェッショナルに豊かで携帯可能な音を提供することに注力しています。,,,,,11.0,207.52,371.02
FREECOVERY,LVCC West,60415,私たちは努力のために生きています。スポーツはもはや人生の一部ではなく、人生そのものです。日の出走りから昼食の試合まで、私たちは気分よく動き、繋がるために競い合う。でも真実は?もし君が...,,,,,11.0,269.73,384.29
FYELABS,LVCC West,60510,FYELABSは、スタートアップや中小企業向けに特化した製品開発ショップです。リーンな製品開発モデルにより、顧客が...,,,,,11.0,368.28,402.85
"Fakeeyes Co., Ltd.",LVCC West,62738,FAKE EYESはXRとVision AIを活用したオンデバイス移動補助具を開発しています。ネットワーク接続なしでリアルタイムの危険検知と音声案内を提供し、専用のナビゲーションサービスも提供します...,,,,,11.0,429.99,237.53
"Far Vision Technology CO., LTD.",LVCC West,62201,ファービジョンテクノロジー株式会社は、世界初の遠距離光学眼科ケア機器を開発し、子どもの近視予防に特化しました。臨床的にアシアルエディションを44〜49%減少させることが証明されている、私たちのソリューションは...,,,,,11.0,313.4,238.43
FilameX Technology,LVCC West,63432,FilameXは、簡単で信頼性が高く持続可能な3Dプリント材料生産を可能にするコンパクトで高精度なフィラメント押出システムを開発しています。我々の特許技術は産業用パフォーマーをつなぐ...,,,,,11.0,240.13,184.48
Flowtica AI Pte. Ltd.,Venetian Expo,61032,Flowtica AIは2024年に設立され、AIを創造的な仕事や日常生活にシームレスに統合しています。最初の製品であるFlowtica Scribeは、AIボイスレコーダーで、2025年末に発売されました。私たちはギミックを追いかけたりしません。私たちは...,,,★★,,11.0,256.15,357.76
Flush-Locks USA,LVCC West,60646,統合されたスマートロックと決済技術を用いてシームレスな有料トイレへのアクセスを実現します。特許出願中(トイレ施設向けの統合決済・アクセス制御システム)。この商品は中...,,,,,11.0,225.21,384.29
Flywing AERO Technology Co. Ltd.,LVCC West,62919,可動式ジョイスティックと姿勢インジケーター、VRヘッドトラッキング技術を備え、まるで操縦席に座ってXウイングの戦闘を自ら操縦しているかのような感覚を与えてくれます...,,,,,11.0,385.42,219.83
FusionLex (iDiscover),LVCC West,60835,FusionLexは、言語、感情、文脈をAPIやエンタープライズプラットフォーム間でリアルタイムのビジネスアクションに変換する適応型認知OS(iDiscover)を構築し、システムが理解し、PRを行えるようにします。,,,,,11.0,251.73,362.18
G.Talk,LVCC West,62201,私たちは、現代のユーザーの生活の質向上への追求に応えるインテリジェントなソフトウェアソリューションの開発に専念しています。,,,,,11.0,313.4,238.43
"G1 Intelligent Technologies, Inc.",LVCC West,62201,G1企業はAI駆動のビデオベースの非接触技術を通じて人間の健康を向上させています。そのソリューションは標準的なRGを用いて心拍数、血圧、酸素飽和度、呼吸率、HRVを測定します...,,,,,11.0,313.4,238.43
GAAON,LVCC West,62901,GAAONは世界初の犬向けのAI感情アクセシビリティウェアラブル「Heartelligence」を発表しました。高度なPPGセンシングとディープラーニングを用いて、犬の心拍リズムをリアルタイムの感情に変換します...,,,,,11.0,345.64,219.83
GASIAN,LVCC West,63300,複数の薬を飲むことを忘れるのは難しいことがあります。DEFIスマートIoTピルボックスは、リマインダーを設定し、ピルの服用状況を追跡して、生活をより楽にします!,,,,,11.0,348.82,180.06
"GENKS CO., LTD.",LVCC West,62833,,,,,,11.0,241.29,206.6
"GEVR Co,.Ltd.",LVCC West,63600,GEVRはEVおよびESS向けの先進的なバッテリー消火ソリューションを開発しています。当社のEV Guard Lロボットは、独自の環境に優しい成分を使用して暴走したバッテリーパックを貫通し冷却します。バッターも提供しています...,,,,,11.0,300.98,170.56
GRETA Inc.,LVCC West,63300,GRETA Inc.は、企業価値の評価方法を革新することに専念するデータ駆動型AI企業です。合成データ技術に由来するGRETAは、より正確で直感的なデータを提供するためにELDOを立ち上げます...,,,,,11.0,348.82,180.06
Gakugeki Inc.,LVCC West,62801,学藝株式会社はアニメスタジオやVTuber代理店と協力し、次世代のVRエンターテインメントプラットフォームを立ち上げています。高度なVRとAIを活用し、ファンはお気に入りのキャラクターとイマージで出会うことができました...,,,,,11.0,302.4,213.22
Galavers Ltd Corp,LVCC West,62201,Galaverseは、特にAI搭載センシングチップの開発における半導体産業への革新的な貢献で評価されています。これらのチップはワイヤレス通信を強化するために設計されています...,,,,,11.0,313.4,238.43
"GasolineAI Co., Ltd.",LVCC West,62201,GasolineAIは、産業用応用向けのAI駆動燃焼制御を専門とするディープテックスタートアップです。当社の特許技術は、工場が燃料消費とCO₂排出を削減するのを助けています。,,,,,11.0,313.4,238.43
Geeks Loft Inc.,Venetian Expo,62817,Geeks Loftは、従来のヘッドホン設計に回転表示帯を導入した世界初のスマートヘッドホン「Perisphere」を販売しています。スマートヘッドホンは監査人と連携しています...,,★,★,,11.0,272.28,206.6
"Gene On Biotech, Inc.",LVCC West,62845,Gene On Biotechは、プロテオーム規模の実験データを活用したAI量子創薬プラットフォームQUAIを開発しています。2万個のヒトタンパク質マイクロアレイを用いて、QUAIはペプチド治療設計を加速します...,,,,,11.0,213.61,215.42
GenesisEgo Inc.,LVCC West,62817,GenesisEgoは、ゲノミクス、低量液体生検、AI駆動の腫瘍プロファイリングを統合したペット腫瘍バイオテクノロジーで、犬のがんを早期に発見し、精密治療を指導しています。私たちはフルスタックのペットを作ります...,,,,,11.0,272.28,206.6
GloPros,LVCC West,62100,オールインワンの採用プラットフォーム。世界中の高技能専門家と企業をつなげること。AIを活用し、人間の採用専門家と連携して、最高の...,,,,,11.0,346.94,271.58
GoKidu Technologies Corp,LVCC West,61240,GoKiduは、受取人と認証済みの精子、卵子、胚の提供者、そして代理母を透明かつ安全かつ法的に保護された方法でつなぐモバイルプラットフォームです。古いものを置き換えているんだ、それに...,,,,,11.0,238.47,344.5
Golana Computing,LVCC West,60711,ゴラナは産業用資産管理のディープテックAIスタートアップです。当社のプラグアンドプレイで機械に依存しないプラットフォームは、振動、電流、磁気などのサブミリ秒信号を捕捉し、異常を検出します。,,,,,11.0,369.65,344.52
"GongCar Co., Ltd.",LVCC West,62845,"Gongcarは、レンタカーの非効率性を技術で解決する次世代モビリティインフラ企業です。NEXUS AIは、取得、運用、保守、再販を一つのデータハブに統合しています,...",,,,,11.0,213.61,215.42
Green Vigor Limited,LVCC West,63200,私たちは世界で初めて建物の水槽に水力をリサイクルしています。特許取得済みの新規モジュール式かつ現地での水力リサイクルシステム「HydroVigor ®」により、都市建築用水の解き放ちを目指しています...,,,,,11.0,302.69,186.7
H&B Materials,LVCC West,60711,H&B Materialsは、次世代のPFASフリーテキスタイルコーティングを開発するディープテックスタートアップです。私たちの生体ベースの共有結合接ぎ木とナノ構造技術は、耐久性のある水と油の除去性を兼ね備え、...,,,,,11.0,369.65,344.52
HKN Corporation,LVCC West,60711,HKNはブロックチェーンに基づく次世代のチケットプラットフォームであり、イベント主催者にデータ、自動化、管理を提供し、より賢明な意思決定、シームレスな決済、そしてより良いオーディエンス体験を可能にします...,,,,,11.0,369.65,344.52
"HOP.Co.,Ltd.",Venetian Expo,63300,HOPはGPSが届かない場所で運用されるロボットやドローンにとって重要なナビゲーションソリューションを提供します。ファーストレスポンダーが直面する課題に触発され、HOPはCereVellumを開発し、精密な位置を可能にしました...,GPS不可環境でのナビゲーション。工場内でGPS使えない場所での位置情報ニーズは多い。良いものがないか見ておきたい,,,★★,11.0,348.82,180.06
"HUA TEC INTERNATIONAL CO.,LTD.",LVCC West,62201,半導体、AI、バイオメディカル技術を統合し、特許取得済みのイノベーションを開発しています。同社は単一細胞の研究および応用プラットフォームの発展に注力し、s...,,,,,11.0,313.4,238.43
"HUMANICS CO.,Ltd.",LVCC West,63416,HUMANICSは高度なAIロボティクスを用いて医療を治療から予防へと移行させます。各ユーザーの筋骨格系データからパーソナライズされたデジタルツインモデルを作成することで、怪我のリスクを予測し...,,,,,11.0,273.58,166.82
Hanseo University,LVCC West,"61720, 61721, 61722 + 10 more",,,,,,11.0,391.2,317.98
"Hanyang University, ERICA Campus",LVCC West,"62034, 62036, 62038 + 5 more",,,,,,11.0,251.73,295.88
HapWare,LVCC West,61444,HapWareは、視覚障害者、低視力障害者、聴覚・視覚障害者に、表情、ジェスチャー、身体の言語などの非言語的なコミュニケーションの手がかりを翻訳することで、視覚障害者、低視力障害者を支援するウェアラブル技術企業です。,,,,,11.0,229.63,331.24
Hello Ello Pte Ltd,LVCC West,60213,ELLOは、高齢の家族の世話を支援するAI搭載の介護プラットフォームです。スマートカメラと即時警報を用いて、ELLOは転倒、迷い、緊急事態をリアルタイムで検知します...,,,,,11.0,269.72,401.97
Hengbot Innovation Limited,LVCC West,62919,先進的な制御技術とモーションモジュールを活用し、Hengbotはインテリジェントハードウェアアプリケーション分野で卓越を目指しています。ロボットアクチュエータ業界の革新者として、私たちは...,,,,,11.0,385.42,219.83
Hestinova Co. Ltd.,LVCC West,61446,Hestinova株式会社は2025年に杭州で設立され、高齢者向けエンボディインテリジェンスロボットの研究開発に注力しています。マルチモーダル知覚、感情的交流、自律航法を組み合わせたヘスティンは...,,,,,11.0,225.21,331.24
HoloVu,Venetian Expo,60437,HoloVuは世界初の特許取得済み協働AIスマートグラスです。それはあなたの見たものを瞬時に理解し、リアルタイムの洞察を重ね合わせ、すべての視線を共有体験に変えます—友人たちが...,,,★,,11.0,247.31,388.71
Holon Robotics,LVCC West,62201,Holon Roboticsは、製造技術を保存するAI搭載のロボティクスプラットフォームで産業オートメーションを再定義しています。台湾最大の研究所から分社し、すでにエアコンを導入している...,,,,,11.0,313.4,238.43
Hong Kong Center for Construction Robotics,LVCC West,62919,香港建設ロボットセンター(HKCRC)は、科学研究および起業家精神のプラットフォームとして2020年に設立され、香港理科大学との共同事業として誕生しました。,,,,,11.0,385.42,219.83
Hope Valley AI,LVCC West,60601,私たちHOPE VALLEY AIは、数年にわたるリスク予測と希少事象の早期弱信号検出を統合した第4世代AI(第4世代AI)を構築しています。私たちは始めます...,GPS不可環境でのナビゲーション。工場内でGPS使えない場所での位置情報ニーズは多い。良いものがないか見ておきたい,,,,11.0,305.05,371.03
Horama,LVCC West,61102,Horamaは、カスタムAI駆動の視覚分析ソリューションを設計する新しいフランス企業です。私たちはあらゆる業界、特に重要なセクターに合わせたカスタマイズされたアーキテクチャを構築し、ソブリンクラウドや...,,,,,11.0,348.98,357.76
Hummingbird Smart Home,LVCC West,60464,ハミングバードスマートホームは、当社のユニバーサルアドオンキットで既存のコードレスブラインドをスマートブラインドに変えます。設置が簡単でスマートホームシステムとシームレスに統合できる当社のソリューションは、より...,,,,,11.0,185.42,397.55
Hyundai Motor and Kia ZER01NE-CRADLE,LVCC West,"61300, 61301, 61302 + 8 more",ZER01NEは現代自動車グループのグローバルオープンイノベーションプラットフォームです。有望なスタートアップの発掘、投資、育成に努めるとともに、将来の競争力を積極的に推進しています。,,,,,11.0,344.56,344.5
"ICE LINKER Co., Ltd",LVCC West,62501,ICE LINKERは、最先端のデジタル冷却技術を通じてグローバル市場でイノベーションを起こしているリーディングカンパニーです。私たちは顧客の期待を超える品質とサービスを提供しています。これは、イノ...,,,,,11.0,347.95,238.42
IDCITI,Venetian Expo,62501,IDCITIは次世代ポジショニングの先駆者です。私たちはすべての死角(トンネル、地下、都市峡谷)で重大なGPS故障を排除します。我々の革新的なSDR技術は普遍的な互換性を保証します(いいえ...,GPS不可環境でのポジショニング。HOPと同様、工場内での位置情報ニーズに対応できるか見ておきたい,,,★★,11.0,347.95,238.42
"ILias AI Co., Ltd.",LVCC West,63300,,,,,,11.0,348.82,180.06
INSIDE QUEST,Venetian Expo,60601,InsideQuestは、オンボーディング、人事プロセス、営業、企業セミナーなど、企業のプロセスをゲーム化するSaaSプラットフォームです。私たちはワークフローをガイド付きのミッションベースの体験に変え、エンゲージメントを高めます...,,,★,,11.0,305.05,371.03
IRVINEi corporation,LVCC West,61860,IRVINEiは世界初のAIホームハブであるOVALでインテリジェントリビングの未来を定義しています。OVALはカスタマイズされたセキュリティ、自動化、AIのコンパニオンを一つのインテリジェントデバイスに統合しています。私。。。,,,,,11.0,194.26,304.72
Impulse Wellness,LVCC West,61239,Impulse Wellnessの使命は、生理データを実践可能な健康洞察に変換するスマートなウェアラブル技術で人々や専門家を支援することです。私たちは改善を目指しています...,,,,,11.0,242.89,335.66
International Boost,LVCC West,"60701, 60703, 60900 + 16 more",International Boostは、フランスのスタートアップ企業、中小企業、スケールアップ企業がCESラスベガスやGITEXなど世界最大級のテックステージで輝くのを支援しています。プレミアムスタンドから投資家マッチメイキング、戦略的コーチングまで...,,,,,11.0,344.56,375.44
Iomtek,LVCC West,61453,IOMTEK社は、農業、建物、車両における熱ストレスを軽減する先進的な放射冷却および赤外線遮断フィルムを開発しています。同社のAgriCool™映画は卓越したパフォーマンスを示し、...,,,,,11.0,205.12,304.73
IriHealth,LVCC West,61236,IriHealthはAI駆動の虹彩解析を活用し、予防医学の発展に取り組んでいます。私たちの技術は虹彩パターンの微妙な変化を特定し、早期疾患の発見と実行可能な検査を可能にします...,,,,,11.0,247.31,344.5
Italian Trade Agency,LVCC West,"61000, 61001, 61601 + 1 more, 5374",ITA – イタリア貿易庁は、イタリア企業の国際化を支援し、外国投資を促進する政府機関です。グローバルなネットワークと高度な通信を通じて...,,,,,11.0,305.0,357.76
Japan (J-Startup),Venetian Expo,62801,日本貿易機関(JETRO)は、日本政府に所属する機関であり、世界的に事業を拡大する日本企業や日本に進出する国際企業を支援しています。JETROのスタート...,,,★★,,11.0,302.4,213.22
"Jiangsu Huachen Optoelectronic Technology Co., Ltd",LVCC West,60249,,,,,,11.0,220.78,401.97
"Joomidang Co., Ltd.",LVCC West,63600,Joomidangは、抽象的な味や香りのアイデアを生産可能なフォーミュラに変えるAIフレーバー&香水創造会社です。大規模な化学と感覚データで訓練され、精密なプロ...,,,,,11.0,300.98,170.56
KALMAN,LVCC West,62833,ロボットを使った高付加価値資産検査および保守サービス。原子力発電所を含む施設向けに、放射線データ収集など、さまざまな特殊用途ロボットを提供しています。,,,,,11.0,241.29,206.6
"Karasonic International Co., Ltd.",LVCC West,62201,私たちは自社製造を持つオーディオイノベーション企業で、特許取得済みの低遅延無線システムを専門としています。私たちの使命は、静かで共有かつ柔軟なエンターテインメントソリューションを提供することです...,,,,,11.0,313.4,238.43
Kickstarter,LVCC West,60101,Kickstarterは、あらゆる規模のクリエイティブプロジェクトのためのクラウドファンディングおよびローンチプラットフォームとしてリードされています。あなたの興味や価値観を共有し、アイデアを形にするグローバルなコミュニティとつながりましょう。,,,,,11.0,344.88,410.81
Kombu LLC,LVCC West,60432,KOMBUは、テック業界の中心地、サンフランシスコに位置する革新的な家電企業です。現代的なキッチン家電やアクセサリーの設計・製造を専門とするKO...,,,,,11.0,256.15,397.55
Konsttech Ltd,LVCC West,62201,KONSTは、AIDC設計、高性能GPU展開、ハイブリッドAIクラウドサービスを専門とするAIインフラ企業です。液冷統合とその Glows.ai プラットフォームの専門知識を持つ...,,,,,11.0,313.4,238.43
Korea Creative Content Agency (KOCCA),LVCC West,62738,韓国クリエイティブコンテンツ代理店(KOCCA)は、放送、ビデオゲーム、音楽、ファッション、アニメーション、キャラクター、コミック、IP、ニューテクノなど、多様なジャンルの制作と事業の成長を支援しています。,,,,,11.0,429.99,237.53
Korea Institute of Science and Technology,LVCC West,62643,KISTは人類の最大の課題に対して革新的な解決策を生み出すグローバルな研究機関です。ミッション主導の研究、融合、起業家精神、グローバルパートナーシップに注力しています。から。。。,,,,,11.0,221.83,238.41
Korea Institute of Startup & Entrepreneurship Dev,LVCC West,"62817, 63416, 63600 + 1 more",スタートアップ企業の成長と雇用機会を通じて国の経済発展に貢献し、カルトを通じて将来の起業家の技術基盤型スタートアップを推進することを目指しています...,,,,,11.0,272.28,206.6
Krafted,LVCC West,60233,クラフテッド - 違うことを敢えて。ここで新たなイノベーションの夜明けが訪れ、すべての製品が丹念にクラフト加工され、卓越性の新たな基準を打ち立てる長く残る作品が生まれます。凡庸を超えて、一体化しなさい...,,,,,11.0,256.15,401.97
L'AIR,Venetian Expo,62201,「L'AiR NAViはAI搭載の屋内ナビゲーションシステムで、すべての訪問者に個人ガイドを提供します。タイピングは不要で、自然な会話で自由に空間を探検できます。複数の言語を支えています...,GPS不可環境での屋内ナビ。HOP、IDCITIと同様の観点で見ておく,,,★★,11.0,313.4,238.43
LEEBIO,LVCC West,62833,リービオは、光学分析とAIベースの解釈を組み合わせたスマート診断デバイスを開発しています。私たちの製品は、シンプルで使いやすい操作でラボレベルの精度を提供し、家庭用ユーザーにサービスを提供します、彼は...,,,,,11.0,241.29,206.6
LG NOVA Zenith Electronics LLC,LVCC West,60301,LG NOVAは、グローバルなイノベーションリーダーであるLGエレクトロニクスの北米イノベーションセンターであり、外部からのイノベーションをLGにもたらすことに注力したチームです。このセンターの使命は、イノベーションを促進することです...,,,,,11.0,346.72,384.29
LIGHT MOMENTUM TECHNOLOGY CORP.,LVCC West,62201,スマート製造、金融技術などの分野で国内外の顧客にサービスを提供する、受注されたIC設計、サービス、製造に基づく統合的かつ革新的なサービスを提供しています。,,,,,11.0,313.4,238.43
LK ROBOTICS Inc.,LVCC West,62501,,,,,,11.0,347.95,238.42
LM3D,LVCC West,62201,LightMatrixは、独自のアルゴリズムと統合されたハードウェア・ソフトウェアソリューションを専門とする、グローバルなフォトグラメトリーおよび3D技術のリーダーです。私たちは高速で正確、かつコスト効率の良い3D m...,,,,,11.0,313.4,238.43
"LVING, Inc.",LVCC West,61464,"LVINGは、あなたの自立生活のニーズすべてに対応する唯一のアプリです。LVING, Inc.の使命は、すべての人がよりアクセスしやすくサービスを提供し、安心して生活できるよう力を与えることです。私たちはトランス...",,,,,11.0,185.42,331.24
Laundrobot corporation,LVCC West,60251,クロノメイドは時計学の時代を超えた芸術性に触発されたマーティフォンアクセサリーをデザイン・製造しています。,,,,,11.0,216.36,401.97
"Leta Innovation Technology (Chongqing) Co., Ltd.",LVCC West,62919,Leta-innoは2024年に設立され、DJIの父である李澤翔氏からxbotparkシステムを通じてエンジェル投資を受け、重慶国有資産基金からの投資も受けました...,,,,,11.0,385.42,219.83
LeydenJar,LVCC West,62100,LeydenJarの純粋なシリコンアノードは、1350 Wh/Lでエネルギー密度の世界記録を樹立しました。この画期的な技術は、ウェアラブル、スマートフォン、ノートパソコンにより長いバッテリー寿命、より高速な充電、そして持続性を備えています...,,,,,11.0,346.94,271.58
LiPro Vision Inc.,LVCC West,62201,LiPro Visionは、AR/AIスポーツアイウェア用の超コンパクトで高効率なディスプレイモジュールであるMetalens Optical Engineを開発しています。私たちはこの技術をブランドに提供し、日光で読み取れるブライトーンを実現しています...,,,,,11.0,313.4,238.43
Luchrome,LVCC West,60412,Luchromeは新型電子ペーパーディスプレイの独自の製造会社です。柔軟な基板を基にしたこのディスプレイは、市場で最も省エネかつコスト効率の良いディスプレイです。この商品は...,,,,,11.0,269.72,397.55
"Ludens AI Co., Ltd.",LVCC West,60441,LUDENS AIは、人とAIの関係を設計する企業です。私たちは日常的なコンパニオンロボットを作り出しています。安全で直感的、そして遊びや自然な交流を通じて日常生活にシームレスに織り込まれています...,,,,,11.0,238.47,388.71
Luminoah,LVCC West,60509,ルミノアは、初のクローズドループパーソナライズ栄養プラットフォームであるLuminoah Flow™で腸内ケアを再定義しています。このシステムはデータ対応のウェアラブルポンプ、スマート消耗品、モバイルアプリ、そしてp...を組み合わせています。,,,,,11.0,364.95,384.29
MADI,LVCC West,63300,MADI Inc.は、AI搭載のデジタルツインを通じて臨床試験に革命をもたらすデジタルヘルススタートアップです。2025年に医学教授やAI専門家によって設立されたMADI-DTは、g...を用いて合成患者を創造します。,,,,,11.0,348.82,180.06
MAVIOS AVIATION,LVCC West,63432,MAVIOS Aviationは、AI搭載のインテリジェントUAVシステムと再生可能エネルギー支援の自律型ドローン充電ステーションソリューションを提供し、これらのシステムとシームレスに統合しています。現代では、...,,,,,11.0,240.13,184.48
MEERAI.IO,LVCC West,60711,MeeraiはAIを活用し、中古品をeコマースのようにシームレスにしています。フランスのマンガ市場でMVPを立ち上げてからは、現在のユニコーンの5倍の速さで成長しました。今、チームを拡大するために最初のラウンドを募集します...,,,,,11.0,369.65,344.52
METAFARMERS,LVCC West,63416,MetaFarmersは、労働集約型の作業を自動化し、効率を高め、労働力不足の解決を目的としたAI搭載の農業ロボットを開発しています。私たちのロボットは収穫と受粉、組み合わせを専門としています...,,,,,11.0,273.58,166.82
MMSTAR Technologies Limited,LVCC West,63200,"私たちは、香港科技大学の教授陣や上場企業の元幹部と共同で立ち上げた、養殖AIoT技術企業です。5Gを組み合わせています,...",,,,,11.0,302.69,186.7
"MOOOORE CO., LTD.",LVCC West,62201,MOOOOREは進化する需要に応えるため、技術的なブレークスルーを常に追求しています。当社のコア特許取得技術M4OREフローに基づき、チームは人と人と...,,,,,11.0,313.4,238.43
MOSS,LVCC West,62633,MOSSは「プロデューサーAI」を開発しています。これは、プロフェッショナルな精度で音楽を自動的に分析、ミックス、マスタリングするインテリジェントオーディオアシスタントです。人間の創造性とAI駆動の製品をつなぐことで...,,,,,11.0,243.93,238.41
MY LINK Inc.,LVCC West,62845,MY LINKは、プロジェクト管理、生産スケジューリング、品質、コラボレーションを一つのシステムに統合したクラウドベースの製造DXプラットフォームを提供します。注文注文の製造者向けに作られてるんだ、おお...,,,,,11.0,213.61,215.42
MagitiQ,Venetian Expo,60433,MagitiQは0.5インチのキューブで、どんなメガネにもクリップで装着してAIアイウェアに変えます。パソコン、スマートテレビ、モバイル画面など、あなたが見ている場所をリアルタイムで知ることができます。それは...,,,★,,11.0,256.15,388.71
"Mangdang Technology Co., Ltd",LVCC West,63200,2020年に設立された当社は、生活の質を向上させる革新的なロボットソリューションの研究開発・生産に注力しています。私たちはロボット製品をコラボレーションで披露しています...,,,,,11.0,302.69,186.7
MantiSpectra BV,LVCC West,62100,マンティスペクトラは、小型化された半導体近赤外線(NIR)多チャネルスペクトルセンシングICであるChipSense™を製造しています。ChipSense™はリアルタイムで低コスト、非接触かつ非破壊的な物資を可能にします...,,,,,11.0,346.94,271.58
Mapfirst.ai,LVCC West,61034,Mapfirst.ai はMapFirstの収益化プラットフォームで、コンテンツクリエイターが地図を収益に変えるのを支援しています。Googleのようなプロバイダーに地図料金を払う代わりに、MapFirstを使ってより良いAIを提供しましょう...,,,,,11.0,251.73,357.76
MediMirror,LVCC West,61267,MediMirrorは、分割偏光ミラーを用いて、表層と表面下の肌層の両方を同時に見ることができる消費者向けスキンケアデバイスです。この分割ビュー、並列の偏光は...,,,,,11.0,181.0,335.66
Memorence AI,LVCC West,62201,Memorence AIは、人間のフィードバックをリアルタイムで適応しつつ、AIシステムにおける壊滅的な忘却を防ぐ脳にインスパイアされた即時学習AIを構築します。私たちのアプローチは人間とAIの相互作用を橋渡しし、,,,,,11.0,313.4,238.43
Merlyn Motors,LVCC West,63432,マーリンは都市のモビリティに合わせた製品やサービスを開発しており、個人の車所有の代替としてカー・アズ・ア・サービス(Car-as-a-aservice)のビジネスモデルを活用しています。マーリンは現在、電動マイクを開発しています...,,,,,11.0,240.13,184.48
"MetAI Technology Co., Ltd.",LVCC West,62201,MetAIはNVIDIAが支援するスタートアップで、産業用シミュレーションや物理AIトレーニングのためのスケーラブルなインフラを構築しています。当社のプラットフォームであるMetGenは、設計図や間取り図(例えばCAD)を即座に変換します...,,,,,11.0,313.4,238.43
"Meta Intelligence Co., Ltd.",Venetian Expo,62201,Meta Intelligenceは、AIの品質と普及を促進するためにカスタムエンタープライズソリューションと直感的なSaaSを提供するAIイノベーション企業です。グローバルな専門家ネットワークを持ち、AIに焦点を当てた出版物を共著しています...,,,★,,11.0,313.4,238.43
Michigan State University,LVCC West,"61632, 61634, 61636",バーガス起業家精神研究所は、起業家精神を育み新たな発想を生み出すためのプログラム、コース、リソースを提供することで、学生が行動を通じて学べるよう力を与えています...,,,,,11.0,256.15,317.98
"Micropix Co.,Ltd.",LVCC West,62845,,,,,,11.0,213.61,215.42
Milli,LVCC West,62201,ミリは、拡張現実(AR)と人工知能(AI)の統合応用を専門とするテックスタートアップです。完全自律的な研究開発チームと高度に統合された技術キャップの支援を受けて...,,,,,11.0,313.4,238.43
Mindverse AI,LVCC West,"60455, 35902",2022年に設立されたMindverseは、脳に触発されたAIと大規模言語モデルに注力しています。チームはFacebook、Google、Alibaba、Microsoftなどのトップスクールや企業から集まっています。マインドバースは世界を立ち上げた...,,,,,11.0,207.52,388.71
Miniskop Arg org Ltd Sti,LVCC West,63432,Miniskop / Curiousboxは、子どもたちのためのインタラクティブなSTEM学習体験を創出する教育技術スタートアップです。IotifyeduのIoTベースの教育プラットフォームを統合することで、物理的な探求とd...を融合させています。,,,,,11.0,240.13,184.48
Mirror Caring Limited,LVCC West,63200,"ミラー・ケアリング株式会社は、未来(ケアリング)モビリティ研究センターのスタートアップ企業です。未来(ケアリング)モビリティ研究センターは、学際的で最先端のビジョンを体現しています,...",,,,,11.0,302.69,186.7
Mission InnoTech,LVCC West,"61432, 61433, 61434 + 7 more",ミッション InnoTech - CES 2026 パビリオンはスタートアップを歓迎します。,,,,,11.0,256.15,331.24
Mobility Lab,LVCC West,62653,,,,,,11.0,208.48,238.41
Motion Informatics,LVCC West,61701,モーション・インフォマティクスは、実際の筋肉信号を読み取り、AIを用いた治療法を適応させ、拡張現実を用いて回復を導く臨床的根拠に基づく神経リハビリテーション技術を開発しています。会社は...,,,,,11.0,345.6,300.3
MountAIn,LVCC West,60711,私たちは物理的なAIを85%が「オフライン」の世界に持ち込みます。CESイノベーション賞受賞のミドルウェア(IBEXセンサーを駆動)は、1000倍のパワージャンプを実現し、太陽光発電でクラウドグレードのAIを実現します。私たちが最初に...,,,,,11.0,369.65,344.52
Mr Suricate,LVCC West,60601,スリケイト氏はウェブ、モバイル、APIアプリケーションのノーコード自動テストを専門としています。同社のSaaSプラットフォームはリアルタイムで問題を検出します。CESでは、AI実行エンジンの回転 Suricate.ai を発表します...,,,,,11.0,305.05,371.03
Multiply Studio & Technologies Limited,LVCC West,63200,FirstResumeは、Z世代が初めての仕事を得るためのAIキャリアエージェントで、求人活動のプロセスを検索から応募まで自動化し、競争優位性と時間と労力の節約を実現します。,,,,,11.0,302.69,186.7
"MySmaX Co., Ltd.",LVCC West,63300,MySmaX(「My Smart X」の略)は、先進的なIoT技術であらゆる空間をスマートな環境に変えることを目指しています。従来のIoTプラットフォームとは異なり、ユーザーがスマートデバイスを直接操作するのとは異なり、私たちの...,,,,,11.0,348.82,180.06
Mycomfytech,LVCC West,62201,MyComfyTechは、リアルタイム環境分析、適応型ろ過、持続可能なデザインを組み合わせたAI搭載のウェアラブルおよびモジュール式空気清浄ソリューションを開発し、個人の健康を向上させます。,,,,,11.0,313.4,238.43
Mymemo AI LLC,LVCC West,60458,MyMemo AIは記憶力、共感力、知能を備えた手頃な価格の家庭用ロボットを作り出します。日々の家事をこなし、植物やペットの世話をし、家族とつながるために設計されており、温かさと気づきをもたらします...,,,,,11.0,198.68,397.55
NAWA,LVCC West,63416,環境保護に取り組む若い会社が「アプジャンソ」と呼ばれています。環境破壊を遅らせるための最初の一歩は、使い捨てカップをリサイクルする機械を作ることでした。彼らは今や...,,,,,11.0,273.58,166.82
NCREE,LVCC West,62201,NARLabsのNCREEの一部である5Dスマートシティグループは、AI搭載プラットフォーム向けのデジタルツインを開発しています。NCREEと国立台湾博物館は、受賞歴のある5Dスマート構造安全モニターを共同で開発しました...,,,,,11.0,313.4,238.43
NEOIA,LVCC West,60401,自律型の水を使わない太陽光発電清掃ロボットを発明した革新的な企業です。このソリューションは露を利用して、太陽光発電設備を一年中清潔に保ちます。いくつかの特許を持っていて、君は...,,,,,11.0,305.05,384.29
NEXTWAVE,LVCC West,62633,モノのインターネット(IoT)は、人と物をつなぎ、半導体、無線、ソフトウェア技術の進歩の恩恵を受けています。しかし、ハードウェア、ソフトウェア、その他の複雑な統合が...,,,,,11.0,243.93,238.41
NODI,LVCC West,60653,スマートフォンの利点を軽減しつつ、子ども向けの美しくスマートな製品です。,,,,,11.0,211.94,375.44
"NeuroShine Co., Ltd.",LVCC West,62201,NeuroShineは生成AI、強化学習、マルチフィジックスシミュレーションを統合し、高度なICパッケージングのための統一EDAプラットフォームを構築しています。,,,,,11.0,313.4,238.43
Neuromoment,LVCC West,62633,"SlyricはNeuromomentの旗艦AI搭載睡眠ソリューションで、より良く、より安らかな睡眠を手に入れるよう設計されています。Slyric AIを使えば、毎晩数秒でパーソナライズされた睡眠音楽を作曲できます,...",,,,,11.0,243.93,238.41
NewHaptics,LVCC West,61045,NewHapticsは、初の多行点字ディスプレイであるCodexで、視覚障害者のデジタルアクセスを変革しています。CES 2026で初公開されたコデックスは、長年の政府支援の集大成です...,,,,,11.0,229.63,348.92
Next Integral Ltd.,LVCC West,62201,食品・飲料の中小企業向けのコンパクトなAI検査システム。NEXUOは充填、キャップ、ラベル、バーコード、シールの欠陥をリアルタイムで検出します。プラグアンドプレイ、手頃な価格(AOIより5〜10〜10×安)、SaaSダッシュボードを備えて...,,,,,11.0,313.4,238.43
"Noron Technology (Huizhou City) Co., Ltd.",LVCC West,62919,PePeHolaは、ペットと飼い主の絆を高めることに専念する革新的なペットテクノロジー企業です。,,,,,11.0,385.42,219.83
ONEEX,LVCC West,60711,Oneexは高度なソフトウェア開発とAI駆動の身分証明書解析を専門としています。我々の技術は、世界中のすべての国の身分証明書の認証を自動化しています。,,,,,11.0,369.65,344.52
ONYL ROCKS (Vigidomaine),LVCC West,60711,Vigidomaineは、誤字不正、ブランドなりすまし、サイバーリスクをリアルタイムで検出するドメイン脅威インテリジェンスプラットフォームです。CISOや法務チーム向けに設計されており、ドメインポートフォリオを保護します。,,,,,11.0,369.65,344.52
"OTITON MEDICAL Co.,Ltd.",LVCC West,63300,Otiton Medicalは、スマートでAI搭載の在宅医療機器を専門とするデジタルヘルスケア企業です。当社の旗艦製品「Dr. In-Home」は、高精度の温度測定と先進的な...,,,,,11.0,348.82,180.06
Omelet,LVCC West,62633,オムレツは、産業現場の複雑な意思決定問題を効率的に解決するための最適化AI基盤モデルを開発しており、最適化AIエージェントの形で提供されています。,,,,,11.0,243.93,238.41
OptAI,LVCC West,63300,あらゆるモデル、任意のデバイス OptAIは、ハードウェア認識型モデル最適化技術を備えたリソース制約のあるデバイス上で強力なAIモデルを最適化・展開する技術企業を支援します。対応モデル:...,,,,,11.0,348.82,180.06
Optivalue.ai,LVCC West,60401,Optivalue.Ai コンプライアンスを競争優位に変えます。そのAI搭載プラットフォームは、分野特化の専門知識を基に訓練されており、グローバルチームが監査やRFPに100倍速く対応し、トレーサブルでコンプリミュリー...,,,,,11.0,305.05,384.29
OrULink,LVCC West,62919,OrULink:人間とロボットの相互作用の再定義。本社はイノベーションハブの深圳にあり、感情AIの次世代を切り開いています。冷たいハードウェアと人間のコンテンの橋渡しをする...,,,,,11.0,385.42,219.83
Orbiba Robotics,LVCC West,63432,Orbiba Roboticsは、小規模および有機農家が雑草管理、生物多様性のモニタリング、持続可能な収量最適化を可能にする、手頃な価格のAI搭載モジュール式農場ロボットを開発しています。ロボット工学とAIを組み合わせて...,,,,,11.0,240.13,184.48
OrthoFoodie,LVCC West,62100,食品の最適な栄養成分に関する科学的知見で食品連鎖全体を革新し、より健康的なライフスタイルを促進し、肥満や慢性疾患といった世界的な健康危機に対処します...,,,,,11.0,346.94,271.58
P2ACH AI,LVCC West,63300,P2ACH AIは超軽量のEdge Vision AIを用いてオフラインメディアや物理空間の価値を正確に測定します。リアルタイムのオーディエンス分析、行動データ、定量的指標などを提供しています。,,,,,11.0,348.82,180.06
PAIRFS,LVCC West,60711,PAIRFSは、呼気分析に基づくスポーツ、健康、ウェルネス用途向けのウェアラブルを開発しています,,,,,11.0,369.65,344.52
PATTERNOX,LVCC West,61701,私はオフィル医師です。母の皮膚がんとの闘いに触発され、私は化粧品や皮膚がんの病変変形(異常)を検出するための革新的なイメージャー「PatScope」スキャナーを発明しました。お父さん。。。,,,,,11.0,345.6,300.3
PERCIVAI,LVCC West,62100,LiDARのような高価なセンサーは、自動運転車やロボットのコストを上げています。Perciv AIでは、これらのコストを削減するために、レーダーやレーダーカメラを使ったAI駆動の知覚システムに置き換えています。,,,,,11.0,346.94,271.58
PEUTY,LVCC West,61100,PEUTYはレザークラフトとテクノロジーを融合させ、ファッションに革命をもたらしています。接続されたインフィニティハンドバッグは瞬時に色やパターンを変え、かつてないレベルのパーソナライズと...,,,,,11.0,344.56,357.76
"PLAYLEGEND CO., LTD.",LVCC West,62817,PlayLegendは2021年に韓国で設立され、「遊びとテクノロジーで世界を変える」というビジョンを掲げています。同社はデジタル、体験を提供することで、グローバルなテーマパークフランチャイズになることを目指しています...,,,,,11.0,272.28,206.6
PRODIGY PRODUCTS S.R.L.,LVCC West,62000,Prodigyは、迅速なオンボーディングと長期的な導入の両方をサポートするハイブリッド型エンタープライズ向けAI収益モデルを採用しています。,,,,,11.0,310.14,282.62
PV Circonomy,LVCC West,62201,PVサーコノミーは、寿命を迎えた太陽光パネルを無限のエネルギーに変える循環型ソリューションを提供します。当社のPVサーキュレーターは99.3%の物質回収率を達成し、SilaLoopはEoLのPVモジュルから水素を生成します...,,,,,11.0,313.4,238.43
Parc,LVCC West,62817,Parcは生産性技術の企業で、仕事をよりシンプルな管理方法を開発しています。私たちの最初の製品である 2-b.ai は、ユーザーが任意のコンテンツをドラッグしてタスクをキャプチャし、即座にタスクを取得できるAI搭載のToDoリストです。,,,,,11.0,272.28,206.6
PathAble AI,Venetian Expo,61462,PathAble AIは、障害のある人々が有意義な仕事の訓練、発見、維持を支援する支援スタッフを置き換えるのではなく、置き換えるのではなく力を与えるAI駆動のツールを作成します。書類仕事を削減し、収容能力を増やし、即興で...,スマートデバイス活用の観点で、障害者向けツールを見ておきたい。工場には耳の聞こえない方などもいるため,,,★★,11.0,189.84,331.24
Pelsee US Inc,LVCC Central,21436,Pelseeはインテリジェント技術を通じて運転の未来を再定義しています。先進的なミラードライブレコーダーから次世代のダッシュカムまで、AI駆動の運転支援とフルカラーのナイトモードを統合しています...,,,,,11.0,438.28,284.2
Pisco,LVCC West,61042,Piscoはエンジニアリングの生産性を最大40%向上させ、チームがハードウェアの設計と納品を2倍の速さで行うことを可能にします。AIによって駆動されるPiscoは、エンジニアリングや供給チームが部品を迅速に見つけて管理するのを支援します。,,,,,11.0,234.05,357.76
Plantelligence,LVCC West,60442,Plantelligenceは、スマートハードウェア、センサー、AIを活用して植物を簡単かつ美しく育てるテックスタートアップです。最初の製品であるARKは、光、水、空気を監視する完全自動テラリウムです。,,,,,11.0,234.05,397.55
PledgeBox Inc,LVCC West,60311,PledgeBoxは、Kickstarterのプレッジを一か所で管理し、より多くの報酬を得るアップセルを手に入れ、支援者を満足させ、期限内に納品することも可能です。PledgeBoxはキャンペーン後の履行プロセスを簡素化します...,,,,,11.0,368.28,407.27
Pocket RD,LVCC West,62801,POCKET RD Inc.は、アバターと3Dスキャン技術を用いて次世代コミュニケーションを開発する東京のスタートアップです。AVATARIUM Portableは1分でリアルなアバターを生成し、即時のデジタル体験を実現します...,,,,,11.0,302.4,213.22
"PocketDot, Inc.",LVCC West,61458,,,,,,11.0,198.68,331.24
"Polyphenol Factory Co.,Ltd",LVCC West,62633,ポリフェノールファクトリーは、2023年にKAISTのヘシン・リー教授によって設立され、ポリフェノールの天然接着性と褐変特性を活用し、画期的な美容ソリューションを開発しています。旗艦のテクン...,,,,,11.0,243.93,238.41
Portrai Inc.,LVCC West,62949,Portrai Inc.は、AI空間生物学プラットフォームであるInSilicoLabで創薬を加速させています。独自のエンジンと膨大なデータライブラリを活用し、ゼロレイテンシの可視化、バーチャルコホー...,,,,,11.0,429.5,219.83
Postech,LVCC West,61453,POSTECHは1986年に開校し、韓国初の研究志向大学として国内で最も優秀な人材を育成し、韓国の高等教育を普及から移行させる先導を行いました...,,,,,11.0,205.12,304.73
Praxa Sense,LVCC West,62100,私たちは、特許取得済みの血流指数センサーと血圧アルゴリズムであるALISで健康モニタリングに革命をもたらし、PPGセンサーに代わる比類なき精度を実現しています。wea...,,,,,11.0,346.94,271.58
"QUANDO, Inc.",LVCC West,62801,「業界の更新」を使命とする福岡拠点のスタートアップ。日本の「エンジニア不足と労働力不足」という社会的課題をデジタルトランスフォーメーション(DX)を通じて解決するため、「削減...」に注力しました。,,,,,11.0,302.4,213.22
Quester Inc.,LVCC West,62901,クエスターは次世代のセンサーフュージョングローブを開発し、正確な手の追跡を実現しています。私たちはロボティクス、モーションキャプチャー、シミュレーションなどの産業を卓越した精度と堅牢さで支援しています。,,,,,11.0,345.64,219.83
RECONCEPT,LVCC West,60711,リコンコンセプトは、無重力と神経科学に触発された認知的および生理的再生カプセルを開発しています。ストレスを軽減し、内なるバランスを回復し、b...,,,,,11.0,369.65,344.52
REMORA,LVCC West,63432,Remora Technologyは、海事分野で革新的なソリューションを提供する企業です。彼らは特に、無人水中ロボットを開発した無人潜水ロボットで知られています。,,,,,11.0,240.13,184.48
REx Sense,LVCC West,61665,ペットケアの向上 ― イノベーションと思いやりが交差する場所。REx Senseでは、最先端の技術と思いやりを融合させ、ペットモニタリングの定義を再定義しています。特許取得済みのmm波検知に支えられた我々の接触は...,,,,,11.0,185.42,309.14
RNS Science CO. LTD.,LVCC West,62833,R&Sサイエンスは環境分析の革新をリードしています。水質検査に必要な基準物質や試薬を提供しつつ、分析機器の開発や試験の自動化も行っています。,,,,,11.0,241.29,206.6
Ranictek Inc.,LVCC West,62201,Ranictekは台湾に本社を置くIC設計会社で、5G/6G基地局および衛星通信チップを専門としています。特に、O-RANの大規模MIMO RU用のベースバンドチップに注力しています...,,,,,11.0,313.4,238.43
Reed AI,LVCC West,60459,コミュニケーションデコーダーリングの一部であり、感覚学習コーチでもある:リードAIは日常生活から学ぶためのDuolingoのような存在です。言語とリテラシー療法の成果を日常生活とつなぐために作られたこのサイトは、何百万人もの人々の生活につながります...,,,,,11.0,198.68,388.71
Remplir Inc.,LVCC West,62501,Remplirは韓国で最初かつ唯一のLFP(リン酸鉄リチウム)バッテリーメーカーです。現在、Remplirはエンドツーエンドでドローンバッテリーと大容量(>200 Ah)LFPプリズマティックバッテリーを製造しています...,,,,,11.0,347.95,238.42
Restful,LVCC West,60448,Restfulは質の高い睡眠と覚醒のための照明ソリューションを設計しています。私たちのエビデンスに基づく技術は、ブルーライトと赤外線の曝露を自動的に調整することで、概日リズムをサポートします...,,,,,11.0,220.78,397.55
RheoFit,LVCC West,62919,2023年に深圳で設立されたRheoFitは、ロボティクス技術と筋骨格系回復の交差点に位置する先駆的な企業として、身体の健康の未来を再定義することに専念しています...,,,,,11.0,385.42,219.83
RoboQ,LVCC West,62833,私たちは、過酷な産業環境下で24時間365日連続検査を行う自律型ロボットを動かすための物理+AI統合プラットフォームを提供しています。このプラットフォームは高度なSLAMとVision A...を組み合わせています。,,,,,11.0,241.29,206.6
"Robotic Box Co., Ltd.",LVCC West,62501,RoboticBoxは、産業用安全とスマートオートメーションを提供するAIおよびロボティクス企業です。2021年に設立され、高ミックス製造業向けのコンピュータビジョン監視およびインテリジェントハンドリングソリューションを構築しています...,,,,,11.0,347.95,238.42
"Robotin (Shenzhen) Co.,Ltd.",LVCC West,62041,Robotinは家庭用ロボットの研究開発、設計、生産、マーケティングを専門としています。世界初のモジュール式ロボットカーペット洗浄機の発明者である当社のRobotin R2は、115AW真空、3段階洗浄、au...,,,,,11.0,238.47,290.57
SALTMiNE Inc.,LVCC West,63416,SALTMiNEはスモールデータAI技術を用いて、個々の傾向や消費パターンを分析し、カスタマイズされた金融およびライフスタイルサービスを提供します。CARDEUKはユーザーのカードの中で最も良い...,,,,,11.0,273.58,166.82
SGLAB Inc.,LVCC West,62034,SGLABはPGAによって設立され、先進的なセンサー技術、材料科学、AIの専門家が支援する革新的なゴルフテックスタートアップです。明日のゴルフ基準を築くことにコミットし、私たちの使命は...,,,,,11.0,251.73,295.88
SILLO,LVCC West,61445,SILLO Link Gloveは、人間の手の動きや触覚を正確にデジタル化するウェアラブルハンドセンサーです。合計41個の統合センサーを搭載しており、そのうち16個は独自のファイバーベースのストリップ...,,,,,11.0,222.8,304.73
SIM2REAL,LVCC West,62901,Sim2realは、大規模な仮想環境作成を通じて衛星/空中合成データ生成技術とシミュレーション機能を提供します。データを保護し、予測をシミュレーションすることで...,,,,,11.0,345.64,219.83
"SLOKER Co., Ltd.",LVCC West,63416,SLOKERは精密な発酵を提供し、pH、温度、酸素をリアルタイムでモニタリングし、クラウド分析を行っています。このマッシュは自動蒸留と連携し、安定した高品質な蒸留焼酎を保証します。レ...,,,,,11.0,273.58,166.82
SOLIUS,LVCC West,60659,SOLIUS Labsは、SOLIUS PROという精密な日光療法システムで、アプリ制御の環境を通じて自然光の実証された効果を安全に提供する光ベースの健康を先駆的に開いています...,,,,,11.0,198.68,375.44
"SONNET CO., LTD.",LVCC West,62501,,,,,,11.0,347.95,238.42
SQ-MOTORS,LVCC West,60412,,,,,,11.0,269.72,397.55
SYM Healthcare,LVCC West,62643,SYMヘルスケアは、スクリーニング、診断、治療、評価を統合したAI筋骨格系プラットフォーム「4DEE」を構築します。早期の関節機能障害を検出し、AI誘導デジタル治療を実施、可能にします...,,,,,11.0,221.83,238.41
Safeway Inc.,LVCC West,63300,Safeway Inc.は、モビリティとロボティクス技術の統合を牽引する国内のリーディング企業であり、コスト効率の良い物流ロボットおよびライフスタイルモビリティサービスを提供しています。,,,,,11.0,348.82,180.06
SampleFinder by Polaris Brand Promotions,LVCC West,60661,Polaris Brand PromotionsのSampleFinder(「SampleFinder」)は、体験型ブランドアクティベーションを消費者に直接限定的にプロモートする初のアプリです。,,,,,11.0,194.26,375.44
"Samsung Electronics Co., Ltd. (C-Lab)",LVCC West,"61500, 61501, 61502 + 13 more",C-Labは、創造的なアイデアをビジネスチャンスに変え、韓国のスタートアップエコシステムを刺激するために設計されたサムスン運営のプログラムです。C-Labは社内でのアイデアインキュベーションとして始まりました...,,,,,11.0,344.56,331.24
Samyang Chemical Group,LVCC West,"60313, 60315",三陽化学グループ(SCG)は1975年に韓国で設立され、お客様と地域社会のために持続可能な未来を提供しています。SCGの長年の経験を活かし、DREAUMは2019年に投資として設立されました...,,,,,11.0,372.7,407.27
Scanbotics,LVCC West,62201,Scanboticsは、先進的なロボットを用いた3Dスキャンおよびガス検出ロボットソリューションを開発しています。,,,,,11.0,313.4,238.43
"Science Probe Co.,Ltd.",LVCC West,62817,SCIENCE PROBE 株式会社は真空弁の製造を専門とする会社です。,,,,,11.0,272.28,206.6
SenseBioTek,LVCC West,60905,SenseBioTekは、フランス・モロッコの企業で、一般に電子鼻として知られるヒト揮発性有機化合物(VOC)検出装置を開発しています。これらは早期で非侵襲的かつ即時の...,,,,,11.0,353.4,362.18
Sensereo Limited,LVCC West,61667,センセレオは、空気感知とAI駆動のIoT技術を融合させ、空間知能と人工知能を推進するスタートアップです。当社のポートフォリオは、Matter-Threadセンサー、認定火災安全警報などを網羅しています。,,,,,11.0,181.0,309.14
Shannon & Turing Technology Limited,LVCC West,63200,Shannon & Turing(ブランド名:Asmote)は、ワイヤレス技術を中心とした技術革新企業であり、業界クライアントに統合型製品ソリューションを提供することに専念しています...,,,,,11.0,302.69,186.7
Shenzhen Kcool innovation information technology C,LVCC West,62919,GLYDE:新鮮な家庭用ヘアカット、スキル不要 GLYDEを紹介:世界初のスマートヘアクリッパー。自動調整ブレードとアプリ誘導の精度を備え、高価で時間のかかる...,,,,,11.0,385.42,219.83
Shenzhen Lufei Intelligent Innovation Technology,LVCC West,62919,Kamingoは、HuaweiとBYDの経験を持つチームによって約3年かけて築き上げられたモビリティテックの革新者です。主力製品は、どんな自転車も電化できる10秒間スナップオンの電動自転車コンバーターです...,,,,,11.0,385.42,219.83
"Six and a Half Weeks Health Industry Co., Ltd.",LVCC West,60467,ZzzRingは世界初のペロブスカイト太陽光スマートリングで、効率的な太陽光充電とインテリジェントな健康モニタリングを融合させています。コア技術:柔軟なペロブスカイト太陽電池(屋内外充電、頻度が低い...,,,,,11.0,181.0,388.71
Skwheel,LVCC West,60601,Skwheelが初のオールテレーン電動スキーを発表しました。これはグライド、スポーツ、マイクロモビリティを融合させた特許取得済みのフランスの革新です。世界中でテストされたこの画期的な動きは、新しいスポーツの誕生をもたらし、...,,,,,11.0,305.05,371.03
Smart Home Protection LLC - AKA the Timeli brand,LVCC West,"62252, Suite 29-129",Timeliは、懐中電灯、ビデオ、アラーム、GPS、即時双方向通信と緊急出動を一つの直感的なデバイスに統合した、初の特許取得済みポータブルパーソナルセーフティシステムです。時間。。。,,,,,11.0,211.94,282.61
Smartlet,LVCC West,60111,Smartletは、機械式時計(ロレックス、オメガ、ゼニスなど)とスマートウォッチやフィットネストラッカー(Apple、Fitbit、Whoop、Samsungなど)を片手首に装着できるモジュラーストラップを作っています。フランス語-。。。,コンシューマー向けファッションアイテム寄り。業務でのスマートデバイス活用とは方向性が違う,,,,11.0,368.6,415.23
SoC UP301,LVCC West,62201,Upbeat Techは超低消費電力のAI SoC MCUおよびMEMSセンシングソリューションを開発しており、UP201/UP301 AI SoCやUPM01高帯域幅MEMS音声振動センサーなどが含まれます。コンパクトで低消費電力の電子機器をお届けします...,,,,,11.0,313.4,238.43
Social Links NL BV,LVCC West,62100,Social Linksは、AI搭載のデジタルリスク保護を提供するグローバルなテック企業です。私たちのAI DEFENDERプラットフォームは、Secure(安全)、Detect(検出)、Investigate(調査)という3つの強力な層を統合しており、人々やブランド、...,,,,,11.0,346.94,271.58
Someple Corp.,LVCC West,62845,私たちは長年の業界経験を持つメディア専門家とプロの開発者チームです。「メディア」の強力な影響力とAIの未来の可能性を信じ、私たちは前進しています...,,,,,11.0,213.61,215.42
Sorv,LVCC West,62833,,,,,,11.0,241.29,206.6
"Soul Mobility, Inc",LVCC West,61263,"Soul Mobility, Inc.では、世界中の車椅子利用者のためのモビリティソリューションを再定義し、学校、職場、遊びにおいてより包括的な機会を提供しています!私たちの使命は車椅子の力を与えることです...",,,,,11.0,189.84,335.66
StarBot Inc,LVCC West,60648,"StarBotはサービス業界向けのAI駆動ヒューマノイドロボットを製造しています。レストラン、ホテル、物流向けに設計された当社の車輪付きヒューマノイドは、安全で省エネかつコスト効率の高い自動化を実現します,...",,,,,11.0,220.78,384.29
Stellarvision Inc.,LVCC West,62833,Stellarvision Inc.はSAR(合成開口レーダー)衛星データ分析を専門としています。SAR-to-EO(電気光学)画像着色やSAR-AIS暗船などの独自技術により...,,,,,11.0,241.29,206.6
Subtle Computing,Venetian Expo,60852,Subtleは、私たちが実際にどのように生活し、仕事をするか――動きの中で、公共の場の中で、静かな中、騒音の中で――に特化した世界初の音声コンピューティングデバイスです。他のボイスツールがうまくいかないところで。道具やノートと話しかけて...,騒音環境対応の音声デバイス。工場は騒音が多いので、そういった場面で使えるマイク・スピーカーがないか見ておきたい,,,★★,11.0,211.94,371.02
SunCubes SRL,LVCC West,61000,SunCubes LIGHTは、ケーブルや人間の介入なしに、ドローンやセンサーを遠隔で駆動するワイヤレスレーザーシステムです。コンパクトで精密かつ安全であり、重要なインフラでの連続運転を可能にします...,,,,,11.0,305.0,357.76
THA srl,LVCC West,61465,THA Srlは、スマートセキュリティとホームオートメーションに注力するイタリアのテクノロジー企業です。私たちはGhostLightを作りました。これは、迅速な設置と高い信頼性を目的とした、見えない屋外スマートセキュリティソリューションです。,,,,,11.0,185.42,322.4
THE ENGINEER,LVCC West,63416,工場自動化ソリューションとAI駆動設計技術を専門としています。当社のコア製品であるX concep AIは、自然言語をコンセプトイメージ、3Dモデル、シミュレーションに変換し、fu...,,,,,11.0,273.58,166.82
TINENTAL SRL,LVCC West,61001,Tinentalは同じ生産量で産業用ポンプのエネルギー消費を最大60%削減します。彼らのAIはセンサーや生産の変更なしにリアルタイムで性能を最適化します。資本支出ゼロの場合...,,,,,11.0,308.95,317.11
TMEVnet,LVCC West,62901,メガワット充電のための革新的なケーブル冷却ソリューションを提供しています。当社独自の「液体蒸発相変換」技術により、-40°C未満の冷却ゾーンを実現し、より高出力の伝達を可能にします...,,,,,11.0,345.64,219.83
Taiwan Tech Arena,LVCC West,62201,台湾テックアリーナ(TTA)は起業家精神とイノベーションを推進し、台湾で活気ある国際的なスタートアップエコシステムの構築を目指しています。TTAはグローバルなテックベンチャーの基盤となることを目指しています。,,,,,11.0,313.4,238.43
TanE AIOT Corporation,LVCC West,62201,TanE Wirelessは2019年に設立され、台湾の新竹サイエンスパークに本社を置いています。私たちはNB-IoT、AI、5G技術を組み合わせた革新的なAIoTモビリティおよび接続ソリューションを専門としています...,,,,,11.0,313.4,238.43
TeroAI,LVCC West,60650,TeroAIは、一般向けに作られた世界唯一のAI搭載地理空間知能企業です。当社の特許技術は、小売業、実物など幅広い分野に強力な応用を提供します。,,,,,11.0,216.36,384.29
"Tethral, Inc.",LVCC West,61660,,,,,,11.0,194.26,317.98
The Netherlands,LVCC West,62100,CESラスベガスは世界で最も影響力のあるテックショーであり、「より良い明日のためのテック」に焦点を当てます。これはオランダの使命にこれ以上ないほど的確なキャッチフレーズです。グローバルc...,,,,,11.0,346.94,271.58
The Vydar Group BV,LVCC West,62100,Vydarは、防衛および産業の二重用途向けに設計されたコンパクトで特化したAIハードウェアとソフトウェアを開発しています。当初の焦点は、GPSが利用できない地域での自律型ドローンナビゲーションであり、高精度で...,,,,,11.0,346.94,271.58
"TheEN Co., Ltd",LVCC West,62833,TheENは電気分解と触媒を専門とする主要な技術スタートアップです。水電解電極などの先進ソリューションを通じて、グリーン水素の生産と安全性に注力しています。,,,,,11.0,241.29,206.6
TheyeQ,LVCC West,60711,TheEye Systemは、柔軟なAI駆動システムにより生産ライン内の欠陥を特定するよう設計されています。あらゆる製品の欠陥を<0.4 msec以内に可視化、検証、検証するよう訓練されています...,,,,,11.0,369.65,344.52
Throne,LVCC West,61255,Throneはトイレのハンズフリー健康モニターで、トイレの訪問を腸の健康や水分補給に関する洞察に変えます。健康パターンを自動でハンズフリーで追跡するから、君は...,,,,,11.0,207.52,335.66
Tokoshie Inc.,LVCC West,62801,常枝はAI駆動のCADプラットフォームと自律型コンベヤー3Dプリンターを組み合わせ、設計から製造までの高速な自動化を実現します。ユーザーは自然言語を使ってモデルを生成し、洗練させることができます...,,,,,11.0,302.4,213.22
"Tombot, Inc.",LVCC West,61033,トンボットはロボット動物およびデジタルヘルス技術を専門としています。彼らの最初の製品は子犬で、健康上の困難に直面している人々の生活を変えるために、手頃な価格のFDAを創出することを目的としました-...,,,,,11.0,256.15,348.92
Toonsquare,LVCC West,62738,Toonsquareは次世代のウェブトゥーン制作ソフトウェアを開発しているAIベースのテクノロジーおよびコンテンツスタートアップです。サムスン電子のC-Labから発祥し、2019年にスピンオフされたこのプラットフォームは、...,,,,,11.0,429.99,237.53
TopoLogic Inc.,LVCC West,62801,TopoLogicは、2021年7月に設立されたディープテックスタートアップで、「トポロジカル素材」を備えた革新的な技術を提供しています。私たちの使命は、トポログを用いて業界の難しい問題を解決することです...,,,,,11.0,302.4,213.22
Trackt00,LVCC West,60711,Trackt00はRFIDとIoTを用いて、あらゆる空間を自己管理可能なインベントリに変えます。製品は手作業なしでリアルタイムで自動追跡されます。スキャンもカウントもなし、ただ瞬時に確実な視界を確保します。O...,,,,,11.0,369.65,344.52
Tracup Pte. Ltd.,LVCC West,61662,Hyper AIは音声録音を優先したAIメガネ(音声、キャプチャ、スポーツ)を構築し、将来の視覚応用向けの新機も開発予定です。私たちのエコシステムは、プロフェッショナルや頻繁に旅行者が記憶を戻すのを助けています。,,,,,11.0,189.84,317.98
Tribe App Pte Ltd,LVCC West,60213,TribeAppはシンガポールを拠点とするテクノロジースタートアップで、特に高齢者ケアのために革新的で変革的なソリューションを導入し、健康とウェルネス分野を革新することに注力しています。,,,,,11.0,269.72,401.97
Tutorus Labs Inc.,LVCC West,62845,当社はEdTech分野を専門とし、世界クラスの生成AIと自然言語処理技術を活用しています。私たちは世界初のA...,,,,,11.0,213.61,215.42
Türkiye Turcorn Pavilion,LVCC West,63432,CES2026でトルコのスタートアップシーンを探る:ダイナミックなテック環境と無限の投資機会に飛び込みましょう。産業技術省の支援を受けたトルコのトップスタートアップ35社をご紹介します...,,,,,11.0,240.13,184.48
UEL,LVCC West,62817,UELは小規模な月面移動計画を開発し、段階的なロードマップに従っています。2025年のCOSMICと2026年のUEL-Y-Sysは、韓国のKSLV-IIを通じてキューブサットを展開し、宇宙グレードの部品検証を行います。,,,,,11.0,272.28,206.6
UMED Inc.,LVCC West,62501,UMEDは医療機器、臨床データ、AIを結びつけ、膀胱ケアを病院の枠を超えて拡大し、「誰にでも病院」というビジョンを、アクセスしやすくデータ駆動型のデジタル泌尿器科を通じて推進します。ウロリンスは...,,,,,11.0,347.95,238.42
"UPSIGHT Co., Ltd.",LVCC West,62949,UPSIGHTは、スマート建設管理のためのAI搭載ソリューションを開発しているCon-Tech企業です。業界は依然としてアナログの報告と通信に依存しており、非効率と遅延を引き起こしています。アップサイト...,,,,,11.0,429.5,219.83
Undugu LLC,LVCC West,60640,Unduguは、世界初の電子そろばんハードウェアを中心にAI教育プラットフォームを構築する教育スタートアップです。私たちは実際のビーズの動きと適応型ソフトウェア、トラッキング、分析、そしてゲーム化を融合させています...,,,,,11.0,238.47,384.29
Uniqconn Inc.,LVCC West,62501,ユニクコンのUC60は、物理ケーブルに代わるギガビットレベルのデータ転送を提供するコンパクトな60GHz無線チップです。USB、イーサネット、MIPIなどのプロトコルをワイヤレスで運ぶことができます...,,,,,11.0,347.95,238.42
"VELIONIS CO., LTD",LVCC West,63600,VLISは、アプリ内ナビゲーション、リアルタイムの眠気検出、行動安全データを組み合わせたAI駆動の安全運転プラットフォームを構築します。ドライバーアプリとフリートダッシュボードは、疲労に関連するR...,,,,,11.0,300.98,170.56
VMS ELEKTRONIK,LVCC West,63432,VMSは電子工学者であり同社の創業者であるムスタファ・ダヤヌクルによって設立されました。現在、VMSは顧客やスタッフと共に「技術の旅」を歩み続けており、d...,,,,,11.0,240.13,184.48
VYBE Audio LLC,LVCC West,60850,TDM(タイムズ・マネジメント)です。音楽体験の新たな時代を切り開いています。シンプルなひねりで、世界初のヘッドホンがスピーカーに変身し、個人的なリスニングとソーシャルリスニングの境界を曖昧にします。TDM(タイムズ・マネジメント)です。表す。。。,,,,,11.0,216.36,371.02
ViiRaa Inc,LVCC West,61450,ViiRaa Wellnessは行動変容アプリです。ボディインテリジェンスを活用した14-dブートキャンプは、継続的な血糖モニタリング、AIコーチング、栄養を組み合わせて、体重、エネルギー、感情をリセット・最適化します。W...,,,,,11.0,216.36,331.24
Visorix llc,LVCC West,60239,Visorix LLCは退役軍人が所有するVRスタートアップです。私たちの旗艦製品であるVirtaraは、180°のVRカメラとプラットフォームで、クリエイターが2Dと3Dコンテンツ制作のギャップを埋めるために、V...で動画を撮影する手助けをしています。,,,,,11.0,242.89,401.97
Vivibit Inc.,LVCC West,60834,VIVIBITは、グローバルなエッジコンピューティング(爆発的なデータ成長)向けの次世代エッジデータインフラに注力しています。フルスタック最適化と独自の技術を持ち、ストレージ、計算、送信の解決を兼ね備えています...,,,,,11.0,251.73,371.02
Vox AI,LVCC West,62100,NextGenおよび85+言語でクイックサービスレストランの注文受付プロセスを効率化・自動化し、効率と精度を高め、顧客体験を向上させる音声AIソリューションを導入...,,,,,11.0,346.94,271.58
Vulcan USA,LVCC West,62053,,,,,,11.0,211.94,290.57
WATERM,LVCC West,61105,私たちは建物や産業向けにリアルタイムの水インテリジェンスを提供します。IoTセンサー、AI駆動の漏水検知、WaterAIMプラットフォームを活用し、組織が1リットル分の監視、損失防止などを支援します。,,,,,11.0,353.4,348.92
"WEVEN Co., Ltd.",LVCC West,62817,WEVENは、Zaemit AIとZ.Studioという2つの大手でウェブ革命を牽引しています。インスタントAIウェブ構築と、完全なエージェンシーOS(ホスティング&CRM)を統合しています。古いやり方は死んだ。ボトルネックを排除し...,,,,,11.0,272.28,206.6
WITHFORCE Inc.,LVCC West,61710,WithForce Inc.はソフトウェアラブルロボティクスを専門としており、CES 2025で誇らしげに____を紹介します!わずか3.3kg(7.3ポンド)の重量で、重量ごとに16kgf(35.2lb)という印象的な補助力を発生させます...,,,,,11.0,366.66,317.98
Watervation,LVCC West,62949,ウォーターベーションは、従来のフィルターではなく水をフィルターとして使う空気浄化ソリューションを提供します。「水」は、最も過酷な気象条件下でも利用できる重要な要素です。p...,,,,,11.0,429.5,219.83
WheelMove,LVCC West,60801,WheelMoveは、移動が困難な人々がより自由かつ自律的に新しい活動を探求できるよう支援するフランスのスタートアップです。私たちのコンパクトで軽量なシステムは、どんな手動車椅子も...,,,,,11.0,305.0,362.18
Whoteach,LVCC West,61001,WhoTeachは、研修機関や人事マネージャーがAIを活用したオンラインコースを作成・提供できるよう支援するB2B2Cデジタル学習プラットフォームです。私たちはWhoSlidesというスライドジェネレーターをベースにした...,,,,,11.0,308.95,317.11
Widemount Dynamics Tech Limited,Venetian Expo,63200,Widemount Dynamicsは、緊急対応に高度な自律性をもたらすAI駆動のスマート消防ロボットを開発しています。,,★,,,11.0,302.69,186.7
Wink Suite,LVCC West,61000,顧客をエンゲージし維持し、営業チャネルには魅力的なブランドプラットフォームで報いましょう。ロイヤルティ、プロモーション、トレードインセンティブキャンペーンは数時間で開始し、数週間ではなく。速く、ブランド化され、AIが駆動する。あなたが。。。,,,,,11.0,305.0,357.76
XbotPark,LVCC West,62919,XbotParkは、ロボティクスとスマートハードウェアのスタートアップのためのグローバルなインキュベーターです。DJI、NARWAL、EcoFlowといったユニコーンを含む260+企業と共に、設計から量産まで全面的なサポートを提供しています。F...,,,,,11.0,385.42,219.83
Xbrewlab Technologies Inc.,LVCC West,62919,XBREWは、DJI/Brevilleでの経験を持つエンジニアやコーヒー愛好家によって作られたコーヒーとテクノロジーの革新者です。主力製品はEverNitroで、3-in-1ニトロマシンで、95%純度の空気抽出ニットを供給します...,,,,,11.0,385.42,219.83
YellowScan,LVCC West,60401,YellowScanでは、性能、堅牢性、精度を求めるプロフェッショナルの期待を超えるUAV LiDARソリューションを設計、開発、構築しています。我々のハードウェアとソフトウェアの完全な...,,,,,11.0,305.05,384.29
Yeungnam University,LVCC West,61704,揚南大学の自律走行車部品・材料イノベーションRLRCは、革新的な...,,,,,11.0,353.4,317.98
Youtek Inc,LVCC West,62234,Youtekは米国と中国全域でAIハードウェア製品を開発・製造するチームです。私たちの使命は、より多くの消費者がAIによってもたらされる効率性とウェルビーイングを体験できるようにすることです。...,,,,,11.0,251.73,282.61
Yplasma Actuators Technologies inc,LVCC West,60845,YPlasmaは、電子機器、データセンター、半導体デバイス向けに静かでコンパクトかつエネルギー効率の高い熱管理を提供する先進的なプラズマ冷却システムを開発しています。我々の任務は...,,,,,11.0,229.63,362.18
ZERO CARBON EMISSION,LVCC West,60711,ゼロカーボンエミッション(ZCE)は、グリッドと太陽光発電を組み合わせたスマートで安全かつハイブリッドな充電ソリューションを開発しています。フランスのグルノーブルに拠点を置き、電動モビリティをよりシンプルで安全にすることを目指しています。,,,,,11.0,369.65,344.52
Zander Labs,LVCC West,62100,Zander Labsは、受動的なBCIと神経適応技術の最前線に立つドイツ・オランダのディープテック企業です。AIシステムが...,,,,,11.0,346.94,271.58
Zentech Electrical Electronics Ltd. Co.,LVCC West,63432,HamurAIはベーキングの技術をデジタル化します。当社のAI駆動システムは、コンピュータビジョンを使って生地のこねを自動化し、食感を分析し、レシピをリアルタイムで調整します。私たちはベーカリーが標準化されたクオリを実現するのを支援しています...,,,,,11.0,240.13,184.48
"Zepsor Technologies, Inc.",LVCC West,62037,Zepsoは、モノのインターネット、ロボティクス、エッジAI、セキュリティアプリケーション向けのイベント駆動型センシングソリューションを商業化するテックスタートアップです。ゼプサーの独自のゼロパワーセンサー技術が...,,,,,11.0,247.31,290.57
"Zero Energy Solution Co., Ltd.",LVCC West,62901,ゼロエネルギーソリューション(ZES)は、高純度VO2の低コスト大量生産プロセスを初めて商業化したスマート素材であり、エネルギー効率を実現しています。ZESは拡張可能で持続可能なソリューションを提供します...,,,,,11.0,345.64,219.83
Zeta Mobility,LVCC West,62817,Zeta Mobilityは、激しい雨、雪、霧などの悪天候下でもLiDARレベルの物体認識を実現するAI搭載の4Dレーダーソリューションを提供します。我々の技術は...,,,,,11.0,272.28,206.6
Zunzunbee,LVCC West,61461,ZUNZUNBEEは、ZigbeeやMatterエコシステム向けに直感的で後付けに適した技術でスマートホームにシンプルさをもたらします。私たちのSnapable™プラットフォームは、壁に自然なコントロールを取り戻します。まずはSl...,,,,,11.0,194.26,322.4
aIthena AI.Inc,LVCC West,62201,AIthenaは、決定的なオフラインエッジ生成AIプラットフォームであり、プライベートLLMのワンクリック展開を可能にします。クラウド依存なしに「シャドウAI」を即座に解決し、データの主権を確保します。,,,,,11.0,313.4,238.43
aiOla,Venetian Expo,61313,aiOlaは、現場の音声を構造化され検証済みのデータに変換し、直接エンタープライズシステムに注入します。私たちの音声エージェントワークフローは、製造、AVなどの、遅くて高コストな手動データ入力に代わります。,フロントライン向け音声→システム入力AI。製造現場DXに直接関連。面白いツール。★に格上げ,,,★★,11.0,371.08,335.66
airaTrack,LVCC West,62201,AIRAはAIアルゴリズム、画像解析、システム統合を専門としています。Intel、Network Optix、NVIDIA、AWSと深い技術的協力関係を築いています。過去4年間で、私たちは...,,,,,11.0,313.4,238.43
augmented_communications,LVCC West,61040,拡張通信は、AI技術を活用したコンピュータシステムおよびソフトウェアの研究開発を専門としています。IT戦略の設計やデジタルトランスフォーメーションの推進に加え...,よくわからず入れた。コンサル的な会社なら外してもいい,,,,11.0,238.47,357.76
"ecopem Co.,Ltd",LVCC West,62833,Ecopemは水素用途向けのポリマー電解質膜(PEM)技術を専門としています。私たちは先進的なPEM材料の開発・大量生産、コンパクトなH₂/O₂生成スタック、そして性能...,,,,,11.0,241.29,206.6
eeva Solutions Inc.,LVCC West,60461,eevaは、ホームライフ管理を一つのプラットフォームに集約し、日常生活をよりスムーズに進めるためのオールインワンライフオペレーティングシステムです。AIや機械工学のような先進技術を活用して...,,,,,11.0,194.26,388.71
exbody company Ltd.,LVCC West,62738,"10年以上にわたり、exbody Co., Ltd.はデータベースの「パーソナライズド運動療法およびフィットネスインタラクションソリューション」の分野で先駆者として活躍してきました。韓国では、強力な市場プレゼンスを確立しました...",,,,,11.0,429.99,237.53
iBoda,LVCC West,61445,iBodaは、学生のアート学習データを活用したパーソナライズされた美術教育を提供するオンラインプラットフォームです。主な製品には、学習傾向を分析する美術適性検査や美術批評などがあります。,,,,,11.0,222.8,304.73
iCombo Tech Company Limited,LVCC West,63200,私たちは補聴器市場の新興スタートアップ企業で、最新のクラスHドライバー技術を導入し、スマート充電ドックを開発しています。私たちは、クリアするための高性能補聴器製品を開発しています...,,,,,11.0,302.69,186.7
"iPolish, Inc",LVCC West,60664,iPolish®は、プレスオンネイルをスマートフォンで操作できるスマートな色変化の表面に変える美容技術スタートアップです。300+の埋め込みシェードを瞬時に切り替えて、混乱やダウンタイムがありません。我々の特許取得したプラ...,,,,,11.0,185.42,384.29
iPowerUp,LVCC West,60255,iPowerUpは高品質で革新的なソーラー充電モバイルケースやマイクロデバイスを製造しており、日常の課題(バッテリー切れやバッテリー切れ)を解決し、スマートデバイスのユーザー体験を向上させます...,,,,,11.0,207.52,401.97
itphy Inc.,LVCC West,63300,ITPHYは筋骨格系疾患の予防と回復のための革新的なデジタルヘルスケアソリューションを提供しています。私たちの旗艦アプリであるRingDocは、患者と医療提供者をポスチュー...,,,,,11.0,348.82,180.06
"mHome AI, Inc",LVCC West,61664,,,,,,11.0,185.42,317.98
mLAB,LVCC West,62201,ミリラボは、自動車電子機器分野に適用可能な包括的なミリ波(mmWave)レーダーソリューションを提供しています。私たちはスマートコックピットアプリケーションを専門としており、乗員の監視に注力しています...,,,,,11.0,313.4,238.43
mimo.fit,LVCC West,61265,ミモフィットは神経疾患を持つ人々に最適な運動を提供します。インタラクティブポッドを通じて提供されるAI駆動のパーソナライズされたトレーニングを用いて、効果的な自宅治療を徹底的に実現しています...,,,,,11.0,185.42,335.66
moftBODY Limited,LVCC West,63200,"moftBODYのウービーラップは、スマートテキスタイル工学とマイクロカレント技術を融合させ、日々の代謝サポートとウエストシェイプの向上を実現します。忙しいライフスタイルにぴったりのシームレスなデジタルヘルスウェアラブルです,...",,,,,11.0,302.69,186.7
senswave,LVCC West,62659,私たちはワイヤレス、防衛、センサーアンテナシステムの技術的制約を克服し、次世代6Gモバイルデバイス向けの革新的なソリューションを提供しています。んん...,,,,,11.0,195.22,238.41
wahroto,LVCC West,62201,オトワーは、オーディオファイルや半導体の専門家によって設立されたテクノロジー主導のオーディオ会社です。私たちは、精密工学と材料技術を組み合わせた超小型MEMSスピーカーソリューションを専門としています。,,,,,11.0,313.4,238.43
whereable.ai,LVCC West,61453,whereable.ai は、特殊目的モビリティ(SPM)向けの物理的なAIベースの自動運転ソリューションを提供しています。仁川国際空港に自動運転車10台を納入し、現在開発中です...,,,,,11.0,205.12,304.73
AI-Tails,LVCC West,61220,AI-Tailsは、猫の健康状態をリアルタイムで追跡するAI駆動の給餌・水分補給ステーションを提供します。摂取データ、温度感知、顔面・痛みの分析を用いて、早期の病気や...,,,,,11.0,270.31,331.24
AImoji,LVCC West,62801,高度な生成AIを用いて、シンプルなテキストを動的でパーソナライズされた絵文字やアバターに変換します。私たちはデジタルヘルスの次のユニバーサルランゲージを構築しています。,,,,,11.0,302.4,213.22
ALGOS,LVCC West,60601,Algosは戦略的イノベーションと技術実行の交差点に位置し、AIソフトウェア企業と戦略的AIコンサルティング会社としての二重の専門知識を提供しています。これが...,,,,,11.0,305.05,371.03
ARCH Technology,LVCC West,63432,このML搭載のウェアラブル技術は、リアルタイムで重要なデータを分析するために設計されており、活動不足による循環問題を防ぐための能動的な循環サポートを提供します。,,,,,11.0,240.13,184.48
AVACAM - ALAB SRL,LVCC West,61601,Avacamは、画像を解析して地盤の動きや地滑りの可能性を検知するスマートリモートモニタリングサービスを提供しています。AIによって動かされ、即時のアラートを届け、人々やコミュニティが...,,,,,11.0,305.0,304.72
"AVITA, Inc",LVCC West,62801,,,,,,11.0,302.4,213.22
Adjusted Coaching d.o.o.,LVCC West,60658,,,,,,11.0,198.68,384.29
Aitronics Inc.,LVCC West,62201,Aitronicsは、血糖値モニタリングなどの非侵襲的診断のためのAIと光学技術を進化させ、より安全で効率的な医療ソリューションの提供を目指しています。,,,,,11.0,313.4,238.43
Almadina,LVCC West,61866,Almadinaは、企業や政府機関向けにカスタマイズされたAIチャットボットを専門とするソフトウェア会社です。私たちのソリューションはAIアバターを活用し、ウェブサイト訪問者をリアルタイムで支援します—質問に答えます...,,,,,11.0,181.0,304.72
AniMed Technology Limited,LVCC West,63200,AniMed Technology Limitedは、エッジインテリジェンスと光ファイバーセンシング技術に特化したハイテクスタートアップで、次世代のバイタルサインモニタリングシステムの開発に専念しています。統合...,,,,,11.0,302.69,186.7
Arpobot,LVCC West,62238,「BLOOMIN8をご紹介します。世界初のスマートカラーE-Inkフレームです。それは印刷されたアートのように見え、長年完全にケーブルフリーで動作し、機能豊富なアプリやローカルスマートホームのコントロールを通じて接続できます。戻る。。。,,,,,11.0,242.89,282.61
Artificial Intelligence and Robotics Institute,LVCC West,62643,人工知能・ロボティクス研究所は、先進AIとロボティクス分野のコアおよび応用技術を開発し、国家の課題や社会問題を解決し、生活をより複雑にします...,,,,,11.0,221.83,238.41
Atitan Inc.,LVCC West,60265,私たちは消費者やプロフェッショナルのニーズに応え、独自の技術機器とユーザーが交流できるソフトウェア間の接続を簡素化する高度なハードウェアを提供しています...,,,,,11.0,185.42,401.97
Attic Inc.,LVCC West,62833,Atticはエネルギーと環境分野を専門とするデータサイエンス企業です。モデルの精度、運用効率、戦略的意思決定を向上させるカスタマイズされたAIソリューションを提供しています。...,,,,,11.0,241.29,206.6
Audioboost srl,LVCC West,62000,AudioboostはAI音声技術を通じてデジタル出版を再定義するAIオーディオマーケティング企業です。プラットフォームSpeakup-Articleを使い、あらゆるウェブコンテンツを動的でAI駆動の...,,,,,11.0,310.14,282.62
Aura Bilisim,LVCC West,63432,Aura BilisimのLophiusは、PLC統合イベントタグ付けを備えたモバイル型のプラグアンドプレイスローモーションビジョンおよびエッジ分析システムで、高速生産ラインが隠れた故障やマイクロを捉えるのを支援します-...,,,,,11.0,240.13,184.48
BCE-OS,LVCC West,60711,私たちは、建物は単に機能するだけでなく、理解し、学び、進化すべきだと考えています。だからこそ、私たちはBCE-OSというインテリジェントIoTミドルウェアを作り、生データを統一されたアクションに変換する...,,,,,11.0,369.65,344.52
BEAR&SKUNK,LVCC West,63701,,,,,,11.0,345.06,166.78
BLADECO YATIRIM,LVCC West,63432,Bladecoは革新的なエネルギー技術で持続可能な変革を推進しています。急速充電器や太陽光パネルからAIやソフトウェアソリューションまで、効率を高め、エネルギーを形作るシステムを設計しています。,,,,,11.0,240.13,184.48
Baracoda Daily Healthtech,LVCC West,60801,Baracoda Daily HealthtechはIoTの専門知識を活かし、人々が日々の健康をコントロールできるよう革新的なスマート製品を開発しています。バラコダは新しいAI誘導ブラッシング技術「Kolibree」を発売します...,,,,,11.0,305.0,362.18
Beep Finance Srl,LVCC West,61000,,,,,,11.0,305.0,357.76
Benilight,LVCC West,62501,ベニライトは赤色LEDおよび近赤外線(NIR)LEDを用いたLED医療機器およびヘルスケア製品を開発してきました。当社はLEDライトがスキーに与える影響について広範な研究を行っています...,,,,,11.0,347.95,238.42
BigFlex International,LVCC West,63600,"5,000人の患者から10年間のビッグデータを用いて学習したディープラーニング予測モデルを用いて、個々の患者に合わせた皮膚乾癬、糖尿病、認知症の診断アルゴリズムを開発しました...",,,,,11.0,300.98,170.56
Bionics Research Center,LVCC West,62643,FluxiHealは、KISTのバイオニクス研究センターによって開発されたスマート治療パッチです。マイクロ流体、ハイドロゲル、イオントフォレシスを組み合わせて創傷滲出液を管理し、再生薬を投与します...,,,,,11.0,221.83,238.41
BlueCapsule Inc.,LVCC West,63416,Blue Capsuleは、没入型の仮想空間を構築するAV、VR、メタバースソフトウェアを設計しています。この技術を基に、同社はテキストを完全なメディアコンテンツに変換するAIシステム「AIVS」を開発しました。その。。。,,,,,11.0,273.58,166.82
Bridge4IP,LVCC West,62100,eSIMテックは、通信リセラーや旅行サービス向けにNextLevelの安全なグローバルモバイル接続を提供します。卸売または小売のオプションを選び、MBごとに課金またはバンドル価格で選びましょう。シームレスAPIインテラットをお楽しみください...,,,,,11.0,346.94,271.58
"Buddy AI Labs, Inc.",LVCC West,62817,Buddy AI Labsは、韓国にRoubit Inc.として本社を置くグローバルなB2Cスタートアップで、300万件以上の消費者向けアプリダウンロード数を誇ります。私たちはLoodyというAIコンパニオンデバイスを作り、サブカルチャーのファンが自分の好きなものと共に暮らせる...,,,,,11.0,272.28,206.6
Buddyo LLC,LVCC West,61467,Buddyoは世界初のAIポッドでコレクショブルに命を吹き込みます。FunkoやPopmartなどのブランドと互換性があり、Buddyo Podは静止した人物が話し、動き、会話を記憶できるようにします。私たちは...,,,,,11.0,181.0,322.4
COMMONLINK Inc.,LVCC West,63600,SWAVIは、指先のジェスチャーから音響信号を検出し、安全な入力に変換する新しいジェスチャーベースの行動バイオメトリックインターフェースです。どんな表面もSCなしでコマンドインターフェースとなります...,,,,,11.0,300.98,170.56
"CREATANT, Inc.",LVCC West,62801,CREATANTは、あなたのクリエイティブ・インテリジェンスとして機能し、インスピレーション、創造、クライアントを一体化するインテリジェントなビジュアルワークスペースです。すべてのデジタル資産を自動タグ付け・整理し、あなたのPRを学習します...,,,,,11.0,302.4,213.22
"CUBIXEL CO., LTD.",LVCC West,62738,CUBIXELは、現実の3D世界のあらゆるものをデジタルフォーマットに取得、処理、分析、変換するグローバルな光学ハイテク企業です。CUBIXELの独自の3Dホログラム技術は...,,,,,11.0,429.99,237.53
Cache AI Technologies,LVCC West,62801,CacheAI TechnologiesはAI効率化のための次世代インフラを提供します。特許取得済みのセマンティックキャッシュは、隠されたものを保存・マッチングすることでLLMの応答を10×高速化し、GPUコストを90%削減します。,,,,,11.0,302.4,213.22
Center for Natural Product Systems Biology,LVCC West,62643,天然製品システム生物学センターは、ビッグデータとAIを通じて研究を推進し、天然物技術の研究開発能力を高めています。私たちは天然物とマイクロバイオームの相互作用を研究しています...,,,,,11.0,221.83,238.41
Chargemate,LVCC West,63432,"ChargeMateは、ドライバーとすべての充電ポイント運営者を一つの統合プラットフォームでつなぐインテリジェントEV充電マーケットプレイスです。リアルタイムデータ、シームレスな決済、API駆動の統合を備えています,...",,,,,11.0,240.13,184.48
Climate and Environmental Research Institute,LVCC West,62643,気候環境研究所は、イノベーティの積極的な開発を通じて気候災害の危険に対する解決策を探ることで、安全で持続可能な未来を実現することを目指しています...,,,,,11.0,221.83,238.41
CoreTrustLink,LVCC West,63300,CTLは、AI自動化されたエンタープライズワークフローに対して監査対応の責任層を提供します。企業がAPやベンダー承認のためにAIを導入する中で、誰が何を承認したのかという証拠がないという証拠のギャップに直面しています。,,,,,11.0,348.82,180.06
"Coremovement Co., Ltd",LVCC West,62859,"2016年に設立されたCoremovement Co., Ltd.はスマートヘルスケアを専門とし、EMSベースのトレーニングスーツ、EMS浴槽システム、水中療法を開発し、筋肉の健康とリハビリテーションを向上させています。",,,,,11.0,195.3,215.42
Cresento Limited,LVCC West,63200,Cresentoは、サッカーのパフォーマンスをデータ駆動の洞察に変換するAI搭載のスマートシンガードを開発しています。私たちのウェアラブル技術は、選手がより賢くトレーニングし、より速く回復し、ゲームレベルを向上させるのに役立ちます。...,,,,,11.0,302.69,186.7
CyberWhiz IoT Cyber Security,Venetian Expo,63432,IoT Cyber Security technologies for Edge·モービル・雲。あらゆる種類のエッジデバイス向けの組み込みセキュリティソフトウェアで、現場でそれらを保護します。モブを守るためのモバイルアプリケーションセキュリティソフトウェア...,現場DXでIoT/OTセキュリティは避けられない課題。OT系はOSがない/謎のOSが多く端末側での対策が困難。新しい知見が得られるか期待,,,★★,11.0,240.13,184.48
Cyberette,LVCC West,62100,偽の身分、改ざんされたメディア、欺瞞的行動に直面する捜査官のために、視覚および音声コンテンツの詐欺指標を検出するAIエンジン。調査やセキュリティの不確実性を取り除く...,,,,,11.0,346.94,271.58
DECQ,LVCC West,60711,DECQはAI搭載のSaaSスイート(リアルタイム3Dカスタマイズ(+40%コンバージョン率)と自動ERP(処理時間-95%)で、91億ドルのプリント・オン・デマンド市場(20%の年平均成長率)を刷新します。実証済みROI:+31%の利益率、-80%の労働力...,,,,,11.0,369.65,344.52
DEVANA,LVCC West,60415,2021年以降、Devanaは企業における生成AIの大規模な民主化に特化した包括的で独自かつプラグアンドプレイの生成AIソフトウェアスイートであり、知能層および没入型ユーザー向けに提供されています...,,,,,11.0,269.73,384.29
Daivurjnt Inc.,LVCC West,61259,DVJは、神経多様性のある人々が自信を持って世界を歩み渡れるよう支援するツールを構築しています。2025年に私たちはSpectrumScanというモバイルおよびスマートウォッチアプリを開発しました。内蔵センサーを使って光を追跡するので...,,,,,11.0,198.68,335.66
Digiforming,LVCC West,63432,デジフォーミングはAI駆動の製造知能を用いて板金成形に革命をもたらしています。当社のソリューションは、プレス加工の欠陥を事前に予測・防止し、工具を保護し、品質を自動化します...,,,,,11.0,240.13,184.48
"DigitalScent CO., Ltd.",LVCC West,62859,2022年2月に設立されたDigitalScentは、デジタル嗅覚技術の最前線に立ち、世界中の人々の健康と幸福を向上させています。同社はc...,,,,,11.0,195.3,215.42
Doctorpresso,LVCC West,63300,私たちは、EMAとマルチモーダルデータ(音声/テキスト)を活用し、臨床的に検証されたAI駆動の精神科精密診断ソフトウェアを提供し、メンタルヘルス評価を客体化しています。コアエンジンはEAを可能にします...,,,,,11.0,348.82,180.06
Dolphin Semiconductor,LVCC West,60711,ドルフィン・セミコンダクターは、産業用、高性能計算、コンシューマーエレクトロニクスなどのミクストシグナルIP設計市場を専門とする半導体IPソリューションのリーディングプロバイダーです。,,,,,11.0,369.65,344.52
Dot Incorporation,LVCC West,62738,Dotは視覚障害者向けの手頃な技術開発に絶えず取り組んでいます。私たちは情報を誰でも簡単にアクセスできるようにする技術を開発しています、つまり...,,,,,11.0,429.99,237.53
Duetware,LVCC West,60711,持続可能性を推進するIoT接続デバイスの迅速な開発を支援し、エネルギー使用削減と水管理の効率化を支援します。私たちのノーコードIoTプラットフォームとツールは、データ駆動型の管理とインスメントを提供します。,,,,,11.0,369.65,344.52
Durin,LVCC West,60462,Durinは、究極の利便性と常時対応のセキュリティを実現した次世代のコンテキスト認識アクセスを構築しています。,,,,,11.0,189.84,397.55
E-OPTO,LVCC West,62801,E-OPTOは有機・ガラスハイブリッドプラットフォームを用いた超高速・低消費電力の光変調器を開発しています。当社のデバイスは140GHz以上の帯域幅を実現し、消費電力を50%削減することで、省エネのコパックを実現しています...,,,,,11.0,302.4,213.22
EMC Gems Srl,LVCC West,61001,EMC Gemsは最先端の電磁シミュレーションソフトウェアとスマートセンサーを開発しています。当社のクラウドネイティブSaaSソリューションにより、迅速かつAI最適化された製品設計とデジタルツインモードの実装が可能になります...,,,,,11.0,308.95,317.11
EMOTICONNECT BY MACOMAGENCY,LVCC West,61106,Emoticonnectは、国際的に利用可能なフランスのソリューションで、CNRSと共同開発されたヨーロッパの感情および予測分析のリーダーです。グリーンダストリーのラベルで認定された倫理的なAIとして、それは...,,,,,11.0,357.82,357.76
ENIGMA,LVCC West,62901,- Enigma インテリジェントメッセージングソリューション:既存のメッセージング方式の制約や問題を克服する未来志向のインテリジェントメッセージング手法!,,,,,11.0,345.64,219.83
EPSEED,LVCC West,60412,EPSEEDはTHE SEEDを開発しており、あらゆるコンピュータを安全で統一されたワークスペースに変える小型ボックスです。これにより、ハイブリッドワークやBYODなどに最適な、分離され制御されたオペレーティングシステムの展開が可能になります。,,,,,11.0,269.72,397.55
EYECHIP Corporation,LVCC West,62901,Eyechipは複雑なアイトラッキングハードウェアを単一の超低消費電力センサーに置き換えます。特許取得済みのインピクセルコンピューティングは電力を20倍削減し、軽量AR/VRメガネや携帯型医療診断を可能にします...,,,,,11.0,345.64,219.83
EigenQ,Venetian Expo,60652,EigenQは、量子サイバーセキュリティ、量子インターネット、量子コンピューティングを推進する、米国を拠点とする破壊的な量子技術企業です。EigenQのNIST認証PQC+™ソリューションは政府、そして...,量子という新しいキーワードに触れておきたい。セキュリティ対策が困難な中、新しいアプローチを知る目的,,,★★,11.0,211.94,384.29
"Element TV Company, LP.",,"Bassano 2801, Bassano 2802, Veronese 2503",Elementは2007年に設立され、高品質で手頃な価格の製品を提供することで知られる急成長中のコンシューマーテックブランドです。私たちはテクノロジーを手軽に楽しませることに注力しています。唯一の主要なテレビ局として...,,,,,11.0,303.12,213.22
Ezymind Healthcare Private Limited,LVCC West,61234,,,,,,11.0,251.73,344.5
FCM MOBILITY,LVCC West,63432,FCMモビリティは、スマート廃棄物物流のためのスケーラブルでAI駆動のゼロエミッションマイクロモビリティを提供します。私たちのデータ駆動型プラットフォームは、画像処理と炭素追跡を統合し、持続可能な都市を推進しています...,,,,,11.0,240.13,184.48
Fortitudo Diamonds SRL,LVCC West,62000,REM®は、洗練された職人技とデジタルイノベーションを融合させたインタラクティブなジュエリーを制作し、メッセージ、写真、動画などの個人的なコンテンツをスマートフォンで保存・アクセスできるようにします。理想的な...,,,,,11.0,310.14,282.62
"FutureMain Co., Ltd.",LVCC West,62833,FutureMainはAI予測保守ソリューションでダウンタイムを短縮し、信頼性を高めます。37年にわたるエンジニアリングの専門知識に支えられ、独自のExRBMおよびExRBM Portable+は自動的にEAを検出します...,,,,,11.0,241.29,206.6
"GAUSSLAB Co., Ltd.",LVCC West,63416,GAUSSLABは、製造、建設、エネルギー、プラント業界向けのAIおよびAR搭載のデジタルツインソリューションを開発しています。検査、報告、安全のワークフローを正確で効率的なものに効率化しています...,,,,,11.0,273.58,166.82
GLEC Inc,LVCC West,63600,GLEC Inc.は、貨物トラック向けのデュアルCPUエッジAI DTGとクラウドベースのフリートAIプラットフォームを組み合わせたAIタコグラフを開発しています。約500台のトラックにパイロットが乗っていて、3400万件の日々の運転記録があり、...,,,,,11.0,300.98,170.56
Greneta,LVCC West,62501,Greneta Corp.はKeeepというプラットフォームを運営しており、このプラットフォームはファイルを99.6%圧縮し、品質損失なく超軽量な3Dデータを提供します。自動化された3Dビルディングモデル生成とモバイル最適化を活用して...,,,,,11.0,347.95,238.42
H2CTLAB Inc.,LVCC West,62738,H2CTLAB Inc.は、未来のデジタルコンテンツトレンドを読みながら、未発見の可能性を探求しています。H2CTLABは、テクノロジーとアートを融合させて人と文化をつなぐAI没入型コンテンツ企業です。私が...,,,,,11.0,429.99,237.53
Hanyang University,LVCC West,61445,1939年の韓国創立以来、漢陽大学は名門の私立機関として確立され、卓越した能力とビジョンを持つ優秀な人材を育成してきました。その...,,,,,11.0,222.8,304.73
Haylo Tech Limited,LVCC West,63200,Hayloは、従来の画面ベースのツールに苦労する神経典型者や神経多様性のある学習者の集中力と記憶力をサポートするために設計されたAI搭載のウェアラブルヘッドバンドです。生徒たちはv...,,,,,11.0,302.69,186.7
Huma,LVCC West,63432,Humaは、AIメンター、教育ゲーム、そして活気あるキャラクター主導の世界を通じて、4歳から12歳の子どもたちの教育を再構築することで、スクリーンタイムを学びへの情熱へと変えています。,,,,,11.0,240.13,184.48
Hypergram Inc.,LVCC West,62633,Hypergram Inc.は、産業レベル向けの高速ハイパースペクトルカメラおよびAIベースのハイパースペクトル画像解析ソフトウェアソリューションを提供し、業界全体で非破壊および自動検査を実現します。,,,,,11.0,243.93,238.41
ID4US,LVCC West,60711,ID4USは、超音波3Dイメージングを用いた独自のデジタル署名を生成する画期的な生体認証システム「Ecrin」を提供し、セキュリティとユーザー体験の基準を再定義します。,,,,,11.0,369.65,344.52
"IFNEWWORLD Co., Ltd.",LVCC West,63416,IFNEWWORLDは、現実とデジタルインタラクションを融合させた革新的なXRソリューションを開発しています。同社は、没入型写真や動画制作のための自動化されたユーザーフレンドリーなシステムを開発し、ブランドの...,,,,,11.0,273.58,166.82
IRhema Safe Electrical Technology Corp,LVCC West,62035,IRHEMAセーフ・エレクトリカル・テクノロジー社は、防水、防塵、爆発、衝撃防止の電気システムに関して10年以上の研究開発と特許経験を持つ新設の米国企業です。,,,,,11.0,251.73,290.57
"ITDA Semiconductor Co,. Ltd",LVCC West,62901,ITDAセミコンダクターは高度なSOCシステム設計ソリューションであるSOC Canvasを開発しています。2022年以降、ITDAは10+年の設計経験と30+pate...に裏付けられた実証済みのシステムレベル設計技術を提供してきました。,,,,,11.0,345.64,219.83
ImageVector MedTech Limited,LVCC West,63200,ImageVector MedTech Limitedは、香港理工大学の生物医学技術企業であり、早期発見と管理のための知的でデータ駆動型のシステム開発に専念しています...,,,,,11.0,302.69,186.7
Imago Technologies LLC,LVCC West,60645,IMAGO Technologiesはスマートコラボレーションソリューションの世界的リーダーであり、企業や教育機関がより知的で未来に備えた技術で運営できるよう支援しています。私たちは完成...,,,,,11.0,229.63,375.44
Innovatech SRL,LVCC West,61001,Innovatechは、観光、医療、人事、小売向けにインパクトが高くスケーラブルなソリューションを提供するイタリアのリーディングAI企業です。ケリー、ソフィア、オリビア、チェックメッド、エボベラと共に、組織の支援は...,,,,,11.0,308.95,317.11
Insider Plus d.o.o.,LVCC West,61246,InsiderCXは、高度なアルゴリズムを活用して膨大なフィードバックデータとAIエージェントを活用し、より良いケアを提供し、離職率を抑えるために民間医療向けの品質管理SaaSです。,,,,,11.0,225.21,344.5
IntelligEarth S.r.l.,Venetian Expo,61601,IntelligEarthはスマートフォンを資産監視のためのプロフェッショナルな監視ツールへと変貌させます。私たちのAI搭載プラットフォームは、市民科学と宇宙由来の技術を組み合わせ、分散型の「h...」を生み出しています。,スマートフォンを資産監視というキーワードで気になった。ただし宇宙由来云々は眉唾もの,,,★★,11.0,305.0,304.72
Intelligent Information Security Technology Inc.,LVCC West,62201,インテリジェント情報セキュリティ技術株式会社(IIST)は、高度なPUF(物理的複製不可能機能)サイバーセキュリティ技術の開発、チップシステム統合、そして理解を専門としています。,,,,,11.0,313.4,238.43
Israel Pavilion,LVCC West,"61701, 6559",輸出研究所およびイスラエル経済省は、貿易と輸出の促進、貿易協定の開始・維持を通じて、イスラエルの国際貿易および貿易政策を管理・支援しています。,,,,,11.0,345.6,300.3
JBNU,LVCC West,62659,全北特別自治道大学協会,,,,,11.0,195.22,238.41
JUNKY CREAM,LVCC West,61716,JUNKY CREAMは、実写、CG、AIを融合させたハイブリッドパイプラインを通じて次世代アニメーション、AI映画、バーチャルアーティストを制作するAI搭載のIPスタジオです。独特な技術と20年...,,,,,11.0,379.92,317.98
K-water,LVCC West,62833,グローバル・ウォーター・コンプリヘンシブ・プラットフォーム・カンパニー,,,,,11.0,241.29,206.6
KBS VVERTIGO,LVCC West,62738,KBS VVERTIGOは、2022年に設立されたKBS内の専門プロジェクトラボで、放送メディアのイノベーションをリードしています。AI技術を活用し、KBS VVERTIGOは没入型のソリューションを提供する最先端のソリューションを提供しています。,,,,,11.0,429.99,237.53
KLS,LVCC West,62501,KLSの中核的な競争優位性は、豊富な現地設置経験にあります。これを踏まえ、同社は研究開発に進出し、技術を通じた現実世界の課題に取り組むソリューションを生み出しました。,,,,,11.0,347.95,238.42
"KSEEK co., Ltd.",LVCC West,62738,特許取得済みの合意率ゲームは、何百万人もの人々が楽しんでいるライブトークショー形式です。これはメタ認知と社会的認識を鍛える新しいクイズジャンルです。私たちはプラットフォーム(OTT、SNS)に大規模なSDKを提供しています...,,,,,11.0,429.99,237.53
"KSNT Co., Ltd.",LVCC West,62653,KSNT株式会社は、先進的なウェアラブルエアバッグ技術を通じて職場の安全を強化しています。当社のスマートエアバッグは危険な落下をリアルタイムで検知し、即座に展開して作業員を重傷から守ります。...,,,,,11.0,208.48,238.41
KerQuest,LVCC West,60711,KERQUESTはコンピュータビジョン企業であり、消費者と製品の相互作用を革新するオブジェクト認識ソリューションを開発しています。この特許技術は、すべての製品に声を与え、...,,,,,11.0,369.65,344.52
"KoolMicro, Inc.",LVCC West,62845,KoolMicroはAIおよび高性能半導体チップ向けの革新的なダイレクト・トゥ・チップ液冷ソリューションを提供し、データセンターの性能最適化とエネルギー効率の劇的な向上を実現しています...,,,,,11.0,213.61,215.42
LITIV Inc.,LVCC West,62817,私たちはバスケットボールコートを高利益のコンテンツ工場に変えています。BASTATは完全自動化されたAIプラットフォームで、ゼロの摩擦なく瞬時にハイライトをプレイヤーに提供します。私たちはジムのオーナーに力を与えます...,,,,,11.0,272.28,206.6
LV Energy,LVCC West,62100,CESイノベーション賞受賞・特許取得済みのアンビエントサウンドからの電気エネルギー収穫法は、持続可能かつ高いROIエネルギー生産の次の大きなステップであり、非断続的かつ他のどのエネルギーよりも優れた性能を発揮します...,,,,,11.0,346.94,271.58
LeafyPod LLC,LVCC West,60460,LeafyPodは、日常の観葉植物の手入れに迷いをなくすことを目指しています。最初の製品であるLeafyPodプランターは、自動水やりと状態管理機能を備えたスマートプランターです。カッティを組み合わせて...,,,,,11.0,194.26,397.55
Liion Power,LVCC West,62100,CESイノベーション賞受賞のバッテリー寿命延長器—充電器とデバイス間をプラグ&プレイで接続し、よりスマートな充電を実現し、バッテリー寿命を最大50%延ばす特許出願中の技術です。準備はできてる...,,,,,11.0,346.94,271.58
Lunawake Ltd.,LVCC West,60449,Lunawakeは、あなたの睡眠を感知し、優しく起こしてくれるベッドサイドAIデバイスです。マルチモーダルセンシングとスマートアルゴリズムを用いて、目覚めを滑らかでマインドフルな移行へと変え、驚きではありません。SLEから...,,,,,11.0,220.78,388.71
Luya Tech Inc.,LVCC West,62039,"Luyaは世界初のAIマイクログリーングロワー(ハードウェア+プレシードトレイ)で、味を学習し、すべての家族に合わせた個別栄養を育てます。特許出願中の3つのAIは、味付けのためにSenseTaste™を活用しています,...",,,,,11.0,242.89,290.57
"MEDIHUB, Inc",LVCC West,62817,MEDIHUBは、安全で正確な薬物投与を強化する革新的な医療機器を開発しています。ソウル大学病院と共同開発したデジタル無痛自動注射器は、世界的な評価を達成しました...,,,,,11.0,272.28,206.6
"MHS Co., Ltd",LVCC West,63300,MHSは韓国唯一のエンドツーエンド熱ソリューションプロバイダーであり、精密な熱分析と先進的な冷却ハードウェアを提供しています。マイクロアクア冷却システム(MACS)は超薄型の毛細管を導入します...,,,,,11.0,348.82,180.06
MLR srl,LVCC West,61601,MLRは、写真や動画の真正性を認証するプラットフォーム「WuvDay」を開発している革新的な企業です。安全なデジタル署名と高度な検証技術を用いて、信頼性を確保しています...,,,,,11.0,305.0,304.72
MTS COMPANY,LVCC West,63701,2020年以降、MTS社は韓国最大級の病院、例えばセヴァランス病院と連携してAI医療ソフトウェア開発に関する複数の国内プロジェクトを実施しています。私たちは発展しました...,,,,,11.0,345.06,166.78
MYCommuters,LVCC West,61104,MYCOMMUTERS:戦略的意思決定のためのモビリティ・インテリジェンス。オンデマンド調査から定期的な報告、SaaS統合まで、MYCOMMUTERSは人や場所のデータと移動インサイト、u...,,,,,11.0,353.4,357.76
MedVision Ltd,LVCC West,63200,,,,,,11.0,302.69,186.7
Metaoptics Technologies Pte Ltd,LVCC West,60213,メタオプティクス・テクノロジーズ株式会社Ltd.はメタレンズ技術の主要な設計・開発者です。シンガポールに拠点を置き、革新的な光学ソリューションを提供し、状況を変革することに専念しています...,,,,,11.0,269.72,401.97
"Millisight Technologies Co., Ltd.",LVCC West,63300,ミリサイト・テクノロジーズ株式会社は、先進的なRF/mmW技術に基づくリモートセンシングシステムの専門開発会社です。同社は独自の半導体および信号処理技術を活用しています...,,,,,11.0,348.82,180.06
Miot solutions Ltd,LVCC West,60638,MIOTワイヤレスソリューションズは、コンセプトから量産までの製品開発を全面的に行うエンドツーエンドのIoT/AIハードウェアODM企業です。当社の社内能力には、RF/アンテナ設計、ハードウェアなどが含まれます。,,,,,11.0,242.89,384.29
Moduel AB,LVCC West,61666,プラグアンドプレイ!Moduelは、Matter対応のスマートホームと接続されたエコシステム向けにAI搭載のモジュールプラットフォームを提供します。私たちの技術はプラグアンドプレイのアーキテクチャとリアルタイムデータインテリジェンスを組み合わせています...,,,,,11.0,181.0,317.98
Morla Moves B.V.,LVCC West,62100,当務の最優先事項は、主要な関節全体の可動域を高精度に測定するための独自のAIモデルの完成です。この基礎段階に不可欠なのは理解です...,,,,,11.0,346.94,271.58
NextRender S.R.L.,LVCC West,61601,,,,,,11.0,305.0,304.72
NovoViz SA,LVCC West,61220,"NovoVizは、計算単一光子イメージングを推進するスイスのファブレス半導体イノベーターです。私たちは、マシンビジョンや産業オートメーション向けのスケーラブルで高性能なSPADセンサーソリューションを提供しています,...",,,,,11.0,270.31,331.24
Nuvatech Limited,LVCC West,63200,Nuvatech:次世代の消費者向けファッションOSで、エージェントAIを搭載。(バーチャルコンセプトクローゼット、AIパーソナライズスタイリスト),,,,,11.0,302.69,186.7
O'dlee Reality,LVCC West,63416,ONDOHLの使命は、生産性と癒しを促進する温かく居心地の良い家づくりにあります。私たちは、特に...,,,,,11.0,273.58,166.82
Olive Corp.,LVCC West,60509,OliveのEmotion AIプラットフォームは機械学習を用いて生体情報を抽出し、リアルタイムで感情状態を特定します。私たちのクラウドベースのシステムはアプリケーションに依存しず、完全に受動的かつ非合同です...,,,,,11.0,364.95,384.29
Ovomind SA,LVCC West,61220,Ovomindは、人間の感情をリアルタイムで理解し反応する感情AIの先駆者です。神経科学、生体認証、人工知能を組み合わせることで、私たちは人間をつなぐ技術を生み出します...,,,,,11.0,270.31,331.24
P3 labs inc,LVCC West,60833,P3 Labs AIは、インタラクティブで感情知能の高いデジタルヒューマンアバターを創造し、物語、教育、ブランド体験を生き生きと表現します。高度なAI、リアルタイム3Dアニメーション、そしてホログラップを活用して...,,,,,11.0,256.15,362.18
PAASUP Corp.,LVCC West,63701,PAASUPは規制対象企業向けにプライベートデータインテリジェンスプラットフォームを提供します。PAASUPは安全なネットワーク内で最新のAIとデータ分析を可能にし、ベンダーの関与なしにパブリッククラウドの利便性を提供します。,,,,,11.0,345.06,166.78
PRODEVA,LVCC West,60412,DataVizXは、自動レポート作成、データ統合、インタラクティブダッシュボードを専門とするBIコンサルティング会社です。私たちはあらゆる規模の企業に対し、マルチソースおよびマルチプラットフォームのソリューションを提供し、...,,,,,11.0,269.72,397.55
Pawkeyland LLC,LVCC West,60465,PawkeyLandはスマートテクノロジーを活用し、人とペットの絆を強化しています。オレンジ色のタビーのラッキーに触発され、私たちは初めて活動を追跡し、健康状態を監視し、ダイを認識できるAI首輪を作りました...,,,,,11.0,185.42,388.71
PhytoWorks Inc.,LVCC West,62643,PhytoWorks Nitroは、精密な気候制御とマルチモーダルイメージング(RGB/サーマル/クロロフィル蛍光)を視覚AIと統合し、再現可能で非破壊的な時系列表現型化を実現します。我々の雲団は...,,,,,11.0,221.83,238.41
Plasticvore Chain Limited,LVCC West,63200,PetalGardは害虫駆除をすべての家族にとって重要な健康ソリューションとして再定義しています。私たちは、有害な化学物質を無毒で人道的な害虫伝染病への防御に置き換えます。環境に優しい材料を活用して...,,,,,11.0,302.69,186.7
Play Lab.,LVCC West,61445,,,,,,11.0,222.8,304.73
Post-Silicon Semiconductor Institute,LVCC West,62643,KISTの一部であるポストシリコン半導体研究所は、ニューロモルフィックチップ、脳に着想を得たAI、量子コンピューティング、スピントロニクス、そして超...,,,,,11.0,221.83,238.41
"Projectbuildup, Inc.",LVCC West,62653,Chikiはイベント用の現場AIフォトブースレンタルを提供しています。私たちのサービスは、ゲストを4カット写真でユニークなAIキャラクターに30秒以内に変身させ、スループットとエンゲージメントを最大化します。それぞれの写真は...,,,,,11.0,208.48,238.41
PurelyBiome,LVCC West,60463,PurelyBiomeは、あなたの肌の独特な生態系を解読するパーソナライズされたスキンケア会社です。DNA配列解析とAIを用いて、顔のマイクロバイオームを分析し、最適な健康基準と照らし合わせます...,,,,,11.0,189.84,388.71
Roam smart tracker,LVCC West,60243,RoamはAppleとAndroidの「Find My」連携を備えた洗練されたスマートトラッカーです。発売時に81か国で販売され、あらゆるデバイスに取り付けられ、What3words対応のスマートQRリカバリー機能を持ち、アプリやエクストラップも不要です。,,,,,11.0,234.05,401.97
SEANAT,LVCC West,60412,IRISTIAはAI時代のエンタープライズメモリを再構築しています。SEANATによって開発されたこの特許取得技術は、断片化されたメールアーカイブを構造化され、検索可能でAI対応の知識システムへと変換し、強化します...,,,,,11.0,269.72,397.55
Sakak Inc.,LVCC West,63600,CANDiY AIは、スマートフォン、自動車、医療機器などのさまざまな分野のデバイスを強化する超パーソナライズAIエージェントソリューションです。,,,,,11.0,300.98,170.56
Seehaptic,LVCC West,60401,肌を通して視覚を体験しましょう!SeeHapticはAIと感覚置換を用いて視覚障害者の移動性を変革します。眼鏡に装着したミニカメラが環境を捉え、情報を伝達します...,,,,,11.0,305.05,384.29
Serafim Gaming,LVCC West,62201,セラフィムという名前は、卓越性と勝利を象徴する天使の最高位に由来します。この天使はゲーマーを勝利の頂点へと導きます!,,,,,11.0,313.4,238.43
Skyld,LVCC West,60412,Skyldは、セキュリティの緩やかな環境(オンデバイスおよびオンプレミス)に展開されたAIモデルを保護します。私たちの革新的なソリューションは、リバースエンジニアリング、窃盗、抽出、そしてモードの不正使用を防ぎます...,,,,,11.0,269.72,397.55
Smart Hip Guardian,LVCC West,61047,Briggs Health Solutionsは、特許取得済みの予測型保護ウェアラブル「Smart Hip Guardian」を開発しました。これは日常の活動と秋のイベントの違いを識別できます。もし...,,,,,11.0,225.21,348.92
Social Thingum,LVCC West,61001,Social Thingumは、AI、機械学習、HCI、NLPの分野で革新的なソリューションを開発するICTコンサルティング会社です。Edtech向けにユーザーが自分の好みを集められるチャットボットを開発しました...,,,,,11.0,308.95,317.11
Sonaide,LVCC West,60801,音の意味を解く:健康と安全のために既存機器に組み込まれたオンデバイス音検出技術。,,,,,11.0,305.0,362.18
Splendo Health B.V.,LVCC West,62100,SplendoHealthはデューク大学のスタートアップで、ウェアラブルセンサー技術とAIを組み合わせて、心肺および代謝の健康に関する医療グレードの洞察を提供しています。周手術期で証明された...,,,,,11.0,346.94,271.58
Stardust Echo,LVCC West,61463,ユニコーンブロックスは、3歳から8歳の子どもたち向けに、遊びをストーリー主導の冒険に変えるAI駆動の積み木を作り出します。物語の仲間スパーキーと共に、子どもたちは魔法のものを作り、想像し、探求します...,,,,,11.0,189.84,322.4
Starling Medical,LVCC West,61249,Y Combinator支援のスターリング社は、トイレに行くたびに尿路感染症のリスクを追跡できる初の医療機器を開発しました。健康に敏感かもしれません。,,,,,11.0,220.78,335.66
Strong-Wave Radio Technology Inc.,LVCC West,62201,SWaRTは、mmWave、SatCom、フェーズドアレイ設計に特化したアンテナ設計会社の専門分野です。SWaRTは、あらゆる高周波・高利得用途に対してコスト効率が高く高性能なソリューションを提供します...,,,,,11.0,313.4,238.43
SuDevelopers Inc.,LVCC West,63300,SUDEVELOPERSは、あらゆる種類の二次バッテリー再利用性(SoC、SoH、RUL)の読み取りと予測のためのIoT/ICT分析・管理ハードウェアおよびソフトウェアソリューションを開発しているスタートアップです。,,,,,11.0,348.82,180.06
SunLED Life Science B.V.,LVCC West,62100,特許取得済みの近赤外線技術で、健康的な日光を室内に取り込みます。SunLEDの画期的な技術は、身体の健康を改善し、気分を高め、人々に活力を与え、免疫力を高めます。...,,,,,11.0,346.94,271.58
"Sungmin Networks Co.,Ltd.",LVCC West,63701,私たちは医療CRMおよびCTIソリューションの開発と供給に専念してきました。特に、医療IT分野で革新的な企業としての地位をさらに強化することを目指しています...,,,,,11.0,345.06,166.78
Sustainable Energy Research Division,LVCC West,62643,KISTの回転機械イノベーション(RoMin)ラボは、ターボ機械のトライボロジー、ローターダイナミクス、AIベースの診断技術を推進しています。極限環境向けのベアリング設計と最適化、研究も行います...,,,,,11.0,221.83,238.41
Swayfish Technology,LVCC West,63432,Swayfish Technologyはスマート農業向けのIoTソリューションを開発しています。当社の旗艦製品であるライキンスマートキノコ栽培チャンバーは、センサーと自動化を駆使して理想的な栽培条件を作り出し、...,,,,,11.0,240.13,184.48
"Synclink Co., Ltd.",LVCC West,62501,スマートリング,,,,,11.0,347.95,238.42
TEAMWAY,LVCC West,60415,TEAMWAYのMAILVISTA – あなたのインテリジェントメール管理ソリューション!当社の環境に優しいAIアシスタントが、受信箱をシームレスに分類、まとめ、整理してくれます。メールの過多さにさよならを言いましょう:MAILVISTA s...,,,,,11.0,269.73,384.29
TRAICK AI,LVCC West,63432,TRAICK AIは、甲状腺および乳腺疾患の早期かつ正確な診断を支援するために超音波画像を解析するリアルタイムAIツールを開発しています。私たちのプラットフォームは、...,,,,,11.0,240.13,184.48
Tactus,LVCC West,60647,タクタスは、電子機器をテキスタイルにシームレスに統合するウェアラブル技術を開発しました。私たちの最初の製品は、音楽を振動に変換するウェアラブルデバイスで、音楽を作ることを目標にしています...,,,,,11.0,225.21,375.44
Tech2Biology,LVCC West,63432,Tech2Biologyは、受粉者を保護し、蜂蜜の純度を確保し、収量を増やすAIおよびIoT搭載のスマート蜂箱システムを開発しています。AirBeeやRoboHiveのデバイスを通じて、早期の病気検出を可能にします...,,,,,11.0,240.13,184.48
VOLUMIO SRL,LVCC West,61601,Volumioは高品質な音楽ストリーミングソリューションを提供する先進的なオーディオテクノロジー企業です。直感的なプラットフォームと革新的な製品で、Volumioは人々の音楽の楽しみ方を変革し、...,,,,,11.0,305.0,304.72
Vagustim,LVCC West,63432,Vagustimは、リラックス、睡眠、腸の健康、そして全体的な健康を向上させる非侵襲的な迷走神経刺激装置を開発しています。40+の科学的研究に裏付けられ、主要な大学で使われているのは、,,,,,11.0,240.13,184.48
Validit.ai,LVCC West,61701,Validit.ai 特許取得済みの物理行動シグナル分析を用いてリアルタイムの偽情報セキュリティを提供します。当社のウェブベースのSaaSはユーザーの真正性を検証し、ディープフェイクやなりすましを検出し、...,,,,,11.0,345.6,300.3
Verbix.ai,LVCC West,60841,Verbix.ai は、コンタクトセンターやCXチーム向けのAI搭載のコール分析プラットフォームです。キーワードのコール、センチメント、コンプライアンス、コーチングスコアを分析し、リアルタイムの洞察を提供して改善...,,,,,11.0,238.47,362.18
Vesica AI,LVCC West,62801,膀胱がんをリアルタイムで可視化・マッピングするAIによる泌尿器科の変革、データ駆動型診断で医師を支援し、膀胱がんを...,,,,,11.0,302.4,213.22
Viseur AI,LVCC West,63432,Viseur AIは、診断を加速し、ワークフローを最適化し、すべての医療専門家が臨床AIを利用できるようにする統合型SaaSソリューションを構築するヘルステック企業です。ヴィズールAIが...,,,,,11.0,240.13,184.48
Visionary.ai,LVCC West,61701,最も有望なAIスタートアップ100社に選ばれた Visionary.ai、高度なAI画像処理ソフトウェアを開発し、あらゆる環境で優れた性能を発揮できるカメラを支援しています。彼らのAIISPは...,なんとなく入れた。重要視していない,,,,11.0,345.6,300.3
Voltraware Semiconductor Co. Ltd.,LVCC West,62201,Voltrawareは磁気共鳴無線電力転送アプリケーション向けのICおよびシステムの研究開発を専門としており、管理チームはICおよび無線電力の専門家で構成されています。,,,,,11.0,313.4,238.43
Waytogo,LVCC West,63432,プロフェッショナルなコーチングプロセスのために特別に設計されたAI搭載のウェブプラットフォーム。,,,,,11.0,240.13,184.48
Webuild Tech Limited,LVCC West,63200,IoT、AI、インテリジェントセンシングに注力し、知覚、空間捕捉、リアルタイムコンピューティングのコア能力を開発しています。CESでは、パノラマインテリジェントモバイルデバイス、ポータブル...,,,,,11.0,302.69,186.7
Wellysis Corp.,LVCC West,63701,WellysisはSamsung SDSから分社したデジタルヘルスケアスタートアップで、診断から予防に至るまでのイノベーションをリードしています。FDA承認のウェアラブルECGデバイスと強力なAI分析を用いて、私たちはソリューションを提供します...,,,,,11.0,345.06,166.78
Wheere,LVCC West,60412,Wheereはクラス最高の屋内ジオロケーションソリューションです。Wheereでは、従来のシステムの限界を超えた革新的で特許取得済みのアプローチで屋内位置情報を革新しました。W...,,,,,11.0,269.72,397.55
"Xcube Co., Ltd.",LVCC West,62901,XCUBEは特許取得済みの多臓器セグメンテーションおよびボクセルベースの3D解剖学モデリング技術を用いたCT自動化ソフトウェアを開発しています。グローバルな特許と臨床検証により、私たちのプラットフォームは...,,,,,11.0,345.64,219.83
Xenra,LVCC West,61037,Wi-Fiはすでに接続されています。今、それは感知している。XenraはアンビエントWi-Fiをリアルタイムのウェルネス、睡眠、プレゼンスのインサイトに変換し、カメラやウェアラブル、クラウドを使わずに実現します。私たちのプラグアンドプレイデバイスは...,,,,,11.0,247.31,348.92
Y-BRUSH,LVCC West,60801,Biotech DentalのYブラシは理想的な口腔ケアソリューションであり、医療機器シリーズの意見をもとに開発されています。YブラシはPRを簡素化するために設計されています...,,,,,11.0,305.0,362.18
YYSOFT Inc.,LVCC West,62901,YYSOFTは、ブロックチェーンとGS1 EPCISを用いたAIディープテックトラストインフラを提供し、すべての業界でデータの完全性を確保しています。私たちはグローバルな規制遵守(FSMA、CBAM、DPP)を自動化し、最大限に活用しています...,,,,,11.0,345.64,219.83
"Zettlab Innovation Technology Co., Ltd",Venetian Expo,60836,Zettlabは、より賢く、安全で美しいストレージソリューションを提供することを目指したスタートアップです。,,★,,,11.0,247.31,371.02
aida innovazione,LVCC West,61601,"アイダ・イノヴァツィオーネは、IoT、AI、ビッグデータソリューションを専門とするイタリアのテック企業で、モニタリング、分析、自動化を行っています。リアルタイムのデータ収集や診断のためのプラットフォームを開発しています,...",,,,,11.0,305.0,304.72
arvyax technologies private limited,LVCC West,60445,ArvyaXは、想像力が実体化されるAR/VRを超えた世界、すなわち擬似現実(Pseudo-Reality)を開拓しています。AI搭載の画面不要デバイス「SoulStrip」は、あなたの感覚を現実の中で生き、働き、夢見るように目覚めさせます...,,,,,11.0,229.63,388.71
dentalPrices,LVCC West,63432,dentalPrices(FKA distedavim)は、患者が歯科治療を見つけ、比較し、資金調達を支援するプラットフォームです。,,,,,11.0,240.13,184.48
"dob Studio, Inc.",LVCC West,63300,私たちはAI技術を活用し、フォトリアルなバーチャル顔を持つバーチャルインフルエンサーを作成し、マーケティングに活用しています。また、コマーシャルやテレビ用に高精細スターの顔を若返らせたり復元したりする手助けもしています...,,,,,11.0,348.82,180.06
iMogul AI,LVCC West,62240,iMogul AIは、脚本家、観客、プロデューサーをAI駆動の洞察を通じてつなげることで、映画、テレビ、ストリーミングプロジェクトの制作方法を変革するエンターテックスタートアップです。私たちのプラットフォームは...,,,,,11.0,238.47,282.61
identic ai GmbH,LVCC West,61220,identic AIは、主に小売向けに商品画像から3DおよびARコンテンツを生成するAIソリューションを提供するICTスタートアップです。API統合と3Dコンテンツ生成を1日で実現し、営業は...,,,,,11.0,270.31,331.24
uHoo Pte Ltd,LVCC West,60213,uHooは、屋内健康と持続可能性のための世界で最も包括的な環境インテリジェンスプラットフォームです。このシステムは9つの主要な大気質要因を追跡しています:温度、湿度、気圧、CO₂、CO、T...,,,,,11.0,269.72,401.97
ALGBIO,LVCC West,63432,Algbioは廃水処理とCO2回収を行い、バイオ燃料、バイオプラスチック、バイオ製品を生産し、カーボンクレジットを生成しています,,,,,11.0,240.13,184.48
"ASET Co., Ltd.",LVCC West,62949,ASETは、優れた防火性と高いエネルギー密度を持つLLZOベースの多層固体電解質膜を開発しているバッテリー材料のスタートアップです。当社の柔軟なセラミック・ポリマー分離器は...,,,,,11.0,429.5,219.83
Ambilight Inc,LVCC West,6353,私たちは、世界で唯一、大面積曲面電気クロミック製品の大量生産を達成した革新的なテック企業です。2017年に設立され、シリコンバレー、ウェストラファイエット、彼女...,,,,,11.0,425.25,181.81
BLUE DEVICE,LVCC West,62845,ブルーデバイスは、ディスプレイカバーガラスおよびポリマーウィンドウの環境に優しく高性能なAG(アンチグレア)表面処理技術を専門とするKAISTの学部設立企業であり、3D...,,,,,11.0,213.61,215.42
"Dongguan Dongqing Plastics & Electronics Co.,Ltd",LVCC South,35612,東莞東清プラスチック電子有限公司は、2000年に中国広東省東莞で設立されました。当社の製品ラインナップは、ゲームアクセサリー、モバイルアクセサリー、バッテリーマンなど、いくつかのセグメントに分かれています。,,,,,11.0,249.08,340.96
"Fawoo Nanotech Co., Ltd.",LVCC West,62833,ファウー・ナノテック株式会社はナノバブル発生装置を開発し、環境に優しく経済的に実現可能なソリューションを提供し、さまざまな産業分野に応用可能です。ファウー・ナノテックの...,,,,,11.0,241.29,206.6
GEOWIND,LVCC West,63300,GeoWindは特許取得済みの二十面体形状に基づく革新的な垂直軸風力タービンを提供し、強力なトルク、静かな運転、多様な風条件での高い安定性を提供します。システムが...,,,,,11.0,348.82,180.06
GPU Audio,LVCC West,60846,GPU Audioは、GPU上で高度なオーディオDSPおよびニューラルネットワークアルゴリズムを動かすという根本的な課題を解決し、音声を新たな形で変革する膨大な並列処理能力を解き放ちました。ある。。。,,,,,11.0,225.21,371.02
HEC Engineering,LVCC West,63432,HECエンジニアリングはトルコに拠点を置くコンサルティング会社で、流体力学、沿岸、海洋工学を専門としています。強力な学術チームを擁し、数値モデリングや環境評価などを提供しています。,,,,,11.0,240.13,184.48
Hello Space Co.,LVCC West,62801,,,,,,11.0,302.4,213.22
OCALIS,LVCC West,63432,OCALISは、人間の手足を繰り返しの身体的作業から支えるための可動性技術を開発しています。OCALISは肩・上腕のサポート、背中のサポート、首のサポート外骨格、さらにAIベースのエルゴノミクスも提供しています...,,,,,11.0,240.13,184.48
OmniCoat,LVCC West,61453,OmniCoatは金属パネル向けのドライトナーデジタルプリント技術の革新者です。私たちは金属表面に最適化されたトナーを開発し、建築用・建築・,,,,,11.0,205.12,304.73
Optiqb AI Technology Ltd.,LVCC West,62201,Optiqbは、人工知能を活用した肉眼3D技術ソリューションを提供するハイテクスタートアップ企業で、通信会社を支援しています。,,,,,11.0,313.4,238.43
"Shenzhen Kutai Innovation Technology Co., Ltd",LVCC West,62919,Cozytimeは、料理体験を再定義するデザイン主導のテック企業です。当社の屋内電動光学グリルは、スマートな...,,,,,11.0,385.42,219.83
"Shenzhen Yuechi Inovation Technology Co.,Ltd",LVCC West,62919,,,,,,11.0,385.42,219.83
ToICoS Inc.,LVCC West,62833,ToICoSは、1時間のリモート水道計測データを用いてユーザーの漏水を管理するHome Leak Guardianサービスを提供しています。サービス利用者には地方自治体、水道事業会社、建築施設管理などが含まれます。,,,,,11.0,241.29,206.6
Vaonis,LVCC West,60415,ヴァオニスは、誰でも天文学にアクセスできる革新的なスマート望遠鏡を設計・製造しています。高度な光学技術、ハイエンドなメカニクス、そしてエレガントなデザインを組み合わせることで、ヴァオニスはユーザーが...,,,,,11.0,269.73,384.29
Watertrinez,LVCC West,62833,,,,,,11.0,241.29,206.6
iRomaScents®,LVCC West,61701,iRomaCents®は、AIのパーソナライズと高度な配信システムを用いて香りの発見を再定義するフレグランスソリューションの革新者です。独自のプラットフォームは即時の推薦を提供し、自動化します...,,,,,11.0,345.6,300.3
Callbuddy,LVCC South,35614,"Callbuddyはスマートフォンケースを再構築するデザイン主導のブランドです。モジュール式ケースで、ユーザーがアクセサリーを取り付けられる内蔵システムを備えています。一つ目は多機能ストラップで、持ち運ぶため、立つために使えます,...",,,,,11.0,249.08,327.7
Immune Materials Limited,LVCC West,63200,Immune Materials Limited(IML)は、革新的なIMU+®長期抗ウイルス材料技術で疾病予防の先駆者となっています。ロー教授とカン教授によって開発された、私たちの層ごとに分解された抗菌薬...,,,,,11.0,302.69,186.7
KABOB CLOUD INC.,LVCC West,62201,Kabob CloudはAI搭載のメディアおよびレストラン運営ソリューションを提供しています。Lookr + 3Dハードウェアを使えば、企業は2Dコンテンツを即座に没入型の3Dビジュアルに変換できます。私たちのヤキPOS+SOKシステムは...,,,,,11.0,313.4,238.43
"Paris Class Co., Ltd",LVCC West,63300,Travel in Your Pocketは、AI搭載のラグジュアリー旅行コンシェルジュプラットフォームで、パーソナライズされた旅程、24時間365日リアルタイムサポート、そしてシームレスなブロックチェーン対応決済を提供します。プレミアムパーに信頼されている...,,,,,11.0,348.82,180.06
"Shenzhen Shijing Innovation Co., Ltd",LVCC West,62919,私たちは、知的で携帯可能なピラティスリフォーマーの研究開発と生産を専門としており、プロのピラティストレーニングをより誰でも身近にできるものにすることを目指しています。私たちの創設チームは経験をまとめました...,,,,,11.0,385.42,219.83
Vobble,LVCC West,60842,Vobbleは、子どもたちの聴き方や創作の仕方を再構築するAI搭載のインタラクティブオーディオプレーヤーです。Webbyのオナリスト、SXSW 2025のファイナリスト、そしてSignal賞受賞者として認められたVobbleは...,,,,,11.0,234.05,371.02
"Wuhan Paiyou Technology Co., Ltd.",LVCC West,61864,,,,,,11.0,185.42,304.72
modue,LVCC West,60655,モドゥーはゲーマーやデジタルクリエイター向けにモジュラー制御機器を制作しています。,,,,,11.0,207.52,375.44
ANABOLIFE Inc.,LVCC West,63416,ANABOLIFEは「MEGAMIX」という、韓国の本格的な穀物味と最先端技術を融合させた高性能植物性タンパク質を発表します。私たちのAI駆動の公式はアミノ酸スコア113+を達成し、優れています...,,,,,11.0,273.58,166.82
"Damao Tech Co., Ltd",LVCC West,62919,ダマオテックは世界有数の消費者向けスポーツテクノロジー製品の研究開発と製造に注力しています。技術革新を原動力とし、私たちは常にPRの限界を押し広げています...,,,,,11.0,385.42,219.83
"Golden Crow Co., Ltd.",LVCC West,63416,2022年5月に設立されたゴールデンクロウは、世界初の商用ゴールドナノロッド(GNR)を先駆けて開発しています。私たちのマイクロニードル光熱パッチとマイクロカレント増幅アンプルは、トランスデを最大化するよう設計されています...,,,,,11.0,273.58,166.82
Innovative Space Carrier inc.,LVCC West,62801,心、精神、人々、貨物を宇宙を通じて地球上のどこへでも60分以内で移動させる。ISCは、この夢を...に変えることで、旅行と時間の概念に挑戦する完全再利用可能なロケットを開発している。,,,,,11.0,302.4,213.22
Live Vendor,LVCC West,60711,ウェブサイトや店舗内のブランドコーナーをビジネスハブに変えましょう!ライブベンダーアクションボタンを使えば、顧客はワンクリックで質問し、ライブビデオを通じて営業担当者と即座につながることができます...,,,,,11.0,369.65,344.52
Mandarin Robotics,LVCC West,63300,,,,,,11.0,348.82,180.06
homerunPET,LVCC West,62919,HomerunPETは、ペットと飼い主の生活をより快適にするために、スマートで最新のペット用品を開発しています。セルフクリーニング式のトイレから飲み場や乾燥機まで、快適さ、利便性、そして...,,,,,11.0,385.42,219.83
